Content Title,Content Description,Content Type,Content Last Watched Date (if viewed),Content Completed At (if completed),Content Saved,Notes taken on videos (if taken),
Introducing Daily,CONTENT DESCRIPTION IS MISSING - urn:li:llsServeVideo:60347605,Video (3rd Party Provider),2025-09-18 15:06 UTC,N/A,false,N/A,
Key terms,Learn valuable terms for software development and technical communication.,Article (3rd Party Provider),2026-03-06 19:47 UTC,2026-03-06 19:47 UTC,false,N/A,
Cómo liderar sin autoridad formal,"El liderazgo no es una habilidad únicamente propia de personas en puestos de mando. Demostrar liderazgo es importante para los empleados de todos los niveles de la organización. Todos los días tenemos la ocasión de dirigir, tengamos un cargo directivo o no. En este curso, las expertas en liderazgo y capacitación personal Lisa Earle McLeod y Elizabeth McLeod describen cómo los contribuidores o las pequeñas y medianas empresas pueden exhibir liderazgo influyendo en los demás, inspirándolos, asesorándolos y motivándolos. También te ayudan a superar dificultades comunes, por ejemplo cómo comunicarte cuando crees que tu jefe o tu equipo avanzan en el rumbo equivocado.",Course,2022-05-02 18:35 UTC,N/A,false,N/A,
Microservicios con un café,"¿Necesitas dar tus primeros pasos con los Microservicios? Mientras te tomas un café, estos vídeos te ayudarán a comprender las claves más importantes y a dar los primeros pasos a la hora de entender cómo desarrollar una aplicación software como una serie de pequeños servicios, cada uno ejecutándose de forma autónoma y comunicándose entre sí.

Estos vídeos corresponden a los cursos:

<li><a href=""https://www.linkedin.com/learning/azure-microservicios-esencial"" target=""_blank"">Azure: Microservicios esencial</a></li>
<li><a href=""https://www.linkedin.com/learning/docker-esencial"" target=""_blank""> Docker esencial</a></li>
<li><a href=""https://www.linkedin.com/learning/kubernetes-para-administradores-it-esencial"" target=""_blank"">Kubernetes para administradores IT esencial</a></li>",Course,2021-04-16 13:16 UTC,2021-04-15 04:50 UTC,false,N/A,
DevOps Foundations: Your First Project (2019),"Curious about how to put DevOps principles into practice? This course can help. Join Carlos Nunez as he demonstrates how to apply DevOps principles to a sample app for a fictitious travel booking company. Throughout the course, Carlos shows how to leverage popular tools and methodologies to make updating, testing, and releasing the app a breeze. After explaining how to containerize the website with Docker and Docker Compose, he shows how to write unit and integration tests with RSpec, Capybara, and Selenium. He then steps through how to deploy your website into the cloud with Terraform and write a Jenkinsfile that will build, test, and deploy your app. Upon wrapping up this course, you'll know how to turn a slow and complex application development process into a fast and enjoyable one.",Course,2021-04-28 03:19 UTC,N/A,false,N/A,
SCRUM con un café,"Aprende a lograr un mejor rendimiento en tus flujos de trabajo gracias a  la metodología Scrum. Consigue aprovechar al máximo tu tiempo y el de tus compañeros, creando un entorno de trabajo en equipo mucho más eficiente y productivo... ¡mientras te tomas un café!

Estos vídeos corresponden a los cursos:<br><br>

<li><a href=""https://www.linkedin.com/learning/agilidad-estrategica"" target=""_blank"">Agilidad estratégica</a></li>
<li><a href=""https://www.linkedin.com/learning/aprende-scrum"" target=""_blank"">Aprende Scrum</a></li>
<li><a href=""https://www.linkedin.com/learning/scrum-roles"" target=""_blank"">Scrum: Roles</a></li>
<li><a href=""https://www.linkedin.com/learning/scrum-anti-patrones"" target=""_blank"">Scrum: Antipatrones</a></li>",Course,2021-04-20 00:08 UTC,2021-04-16 15:00 UTC,false,N/A,
Desafío de programación: JavaScript básico,"Empezar a programar en JavaScript no es tarea fácil, pero como todo, mejora con la práctica. Este curso viene a ayudarte precisamente con eso, y te trae ejercicios que podrás realizar para pulir tu forma de programar, e incluso aplicarlos al construir aplicaciones web reales en el futuro, como son la manipulación de texto, los cálculos matemáticos, la filtración de datos con funciones de arreglos y la modificación de contenidos de páginas web. ¿Empezamos a mejorar tu código en JavaScript?",Course,2023-03-19 17:38 UTC,N/A,false,N/A,
Eleven Tips for the .NET Developer,"This course from Learn-it Labs offers a deep dive into advanced .NET development techniques aimed at improving your coding workflows and application performance. Join instructor Walt Ritscher as he shows you how to distribute your applications efficiently and effectively. Learn how to manage single file deployment, manipulate and flatten sequences with LINQ's SelectMany, extend the functionality of the DateOnly type, transform data into more readable formats, return read-only collections safely, construct path strings for Linux and Windows, create fake data for testing, and more. Additionally, you'll learn to implement a version endpoint for web APIs, count Unicode characters correctly, and determine shared key values with LINQ's ToLookup method. By the end of this course, you will have mastered practical techniques to enhance your .NET applications and data manipulation methods.",Course,2026-01-29 16:22 UTC,N/A,false,N/A,
Agile en acción: Impulsar reuniones ágiles y productivas (2019),"Muchos equipos ágiles quieren tener reuniones flexibles para hacer lo que crean conveniente. Sin embargo, en la realidad, los proyectos Agile fluyen sin contratiempos gracias a actividades breves y bien estructuradas. Todas las actividades se engloban en un ciclo, para que los equipos mantengan el curso y trabajen en un plazo establecido. 
En este curso, el experto en Agile Doug Rose describe cómo celebrar reuniones ágiles lo más productivas posibles. Doug nos guía a través de tareas típicas como la planificación del lanzamiento, las reuniones diarias, la planificación de los ciclos y las demostraciones de producto. A lo largo del curso, veremos cuáles son los obstáculos más comunes, para poder evitarlos y completar las actividades sin desviarnos del plan acordado.",Course,2021-01-21 17:52 UTC,N/A,false,N/A,
DevOps Foundations: Lean and Agile (2017),"By applying lean and agile principles, engineering teams can deliver better systems and better business outcomes—both of which are crucial to the success of DevOps. In this course, instructors Ernest Mueller and Karthik Gaekwad discuss the theories, techniques, and benefits of agile and lean. Learn how they can be applied to operations teams to create a more effective flow from development into operations and accelerate your path of ""concept to cash."" In addition to key concepts, you can hear in-the-trenches examples of implementing lean and agile in real-world software organizations.",Course,2021-04-19 13:04 UTC,2021-04-18 05:29 UTC,false,N/A,
Robot Framework Test Automation: Level 1 (Selenium),"Get a comprehensive introduction to Robot Framework, a free, open source, keyword-driven test automation framework. In this course, instructor Bryan Lamb helps you discover how you can use this easy and powerful test automation tool to automate software tests quickly and easily. After a detailed installation section, Bryan shows you how to create your very first Robot Framework script in just minutes, and then demonstrates several options for running it, including via PyCharm, Windows command line, and the Jenkins CI platform. He then walks you through the process of how to make your script more readable by incorporating variables, custom keywords, and page objects. Finally, he provides hands-on walkthroughs of several of the most popular Robot Framework libraries.",Course,2026-03-11 20:46 UTC,2026-03-11 20:42 UTC,false,N/A,
Test Automation Foundations,"<p>Automated testing relies on scripting and frameworks like Selenium to prove that products work as expected. Test automation is an enormous time-saver, and it's crucial to continuous integration, continuous delivery, and agile software development. If you're employed in QA, DevOps, or IT, you need to know the basics. This course covers the foundations of test automation, as well as different strategies for implementation. QA engineer Meaghan Lewis explains what kinds of tests to use, how to choose the right test tools, and how to plan and execute test automation projects. She also describes strategies to maintain automation over time: adding new tests, updating old tests, and resolving failures. </p><p>This course is part of a <a href=""https://www.linkedin.com/learning/paths/lambdatest-test-automation-professional-certificate"" target=""_blank"">Professional Certificate</a> from LambdaTest.</p>",Course,2026-03-17 15:33 UTC,2021-04-18 04:33 UTC,false,N/A,
Local AI: Build a RAG Model from Scratch with Open-Source Tools,"In this hands-on course, physicist and educator Dr. Alaa Moussawi guides you toward mastery of Retrieval-Augmented Generation (RAG) models. Learn to construct your own custom AI bots by integrating vector databases with language models for contextually accurate responses. Explore essential concepts such as vector embeddings, query processing, and prompt engineering. Learn how to optimize your resources by running lightweight models efficiently, even on limited hardware. Find out how to generate effective vector embeddings and extract relevant information from diverse data sources. Benefit from the flexibility of open-source software as you adapt the models to specific domains or styles, while customizing the knowledge base of your bot. Keep innovating and pushing boundaries with retrieval-augmented intelligence and join the vibrant open-source community in this exploratory learning adventure.",Course,2026-07-01 12:45 UTC,N/A,false,N/A,
Selenium esencial,"Domina Selenium, uno de los entornos pioneros en pruebas de software para aplicaciones basadas en la web. Aprende con este curso a utilizarlo desde cero y consigue realizar pruebas relevantes y eficientes que te permitan crear productos de la más alta calidad.",Course,2026-01-06 22:09 UTC,2026-01-06 22:08 UTC,false,N/A,
Testing in React with Vitest,"This course guides you through the process of setting up and testing web applications using Vitest integrated with the React Testing Library and other essential libraries. Learn how to set up a React app with Vite, install dependencies, and initialize your project, as you explore the basics of Vitest and how it can fit into your testing strategy with instructor Cyrus Ndirangu. Configure ESLint and Prettier to maintain code quality and style consistency, before you get started with your first unit test. Progressively, discover best practices for testing application state and hooks quickly and efficiently. By the end of the course, you’ll be ready to write tests that validate your application's functionality, including testing mock API requests and ensuring correct routing using the React Router. With practical examples and expert guidance throughout, this course shows you why testing is so crucial and how to use it to improve your development workflow.",Course,2025-10-04 12:33 UTC,N/A,false,N/A,
BIM Manager: Managing CAD Standards,"Gain insight on why CAD standards are important to your firm, and what actually goes into a successful standards implementation. To begin, learn about the CAD, BIM, and virtual design and construction (VDC) manager roles. Next, learn about the National CAD Standard (NCS), and look at sheet numbering, approved border formats, text styles, and lineweights as they relate to NCS. Plus, learn about the BIM Level of Detail, COBie and IFC formats, assigning a project CAD lead, reviewing the QA and QC process, and more.",Course,2025-10-08 01:48 UTC,N/A,false,N/A,
Playwright: Design Patterns,"In this course, learn how to leverage design patterns to enhance your test automation framework using Playwright. By understanding and implementing patterns such as the Page Object Model, fixtures, and data-driven testing, you'll be able to write cleaner, more maintainable, and scalable test scripts. This course is designed for test automation engineers and developers who want to improve their testing skills and ensure their tests are robust and easy to maintain. Through practical examples and hands-on exercises, gain the knowledge and skills needed to apply these design patterns effectively in your projects.",Course,2025-11-13 16:56 UTC,2025-10-08 01:38 UTC,true,N/A,
Excel: Crear un dashboard intuitivo e impactante desde cero (2019),"Aprende a crear en Excel paneles o cuadros de mando destinados al análisis y la toma de decisiones. Entiende paso a paso qué tablas dinámicas, funciones o gráficos necesitas para que sean intuitivos y permitan entender de una pasada gran cantidad de datos. Conoce los tipos posibles y sus distintas utilidades como, por ejemplo, para mostrar datos económicos y financieros o para el área comercial. Empieza hoy y no dejes escapar la ventaja competitiva que supone dominar los dashboard.",Course,2020-10-03 18:29 UTC,N/A,false,N/A,
AI Coding Agents with GitHub Copilot and Cursor,"Explore how to work with AI coding agents that can create, edit, organize, delete files, run programs in the command line, and more. AI coding assistants have already changed the way developers write and maintain code. Now they are gaining agentive abilities that let them act directly in projects: to add and edit code, create and organize files, extend features, and more. Explore how AI coding agents work, how to use them to supercharge your workflows, where the opportunities and pitfalls are, and how to keep your skills current as the world of software development evolves.",Course,N/A,N/A,true,N/A,
Excel: Fórmulas y funciones avanzadas (Office 365/Microsoft 365),"Domina las fórmulas y funciones en Excel en su versión Microsoft 365 (antes Office 365) el programa de referencia en lo que se refiere a hojas de cálculo. Conoce paso a paso desde los conceptos más básicos hasta los más avanzados. Aprende cuáles son las fórmulas y funciones más importantes, como las de texto, de fecha, de búsqueda, condicionales, matemáticas, estadísticas o financieras, entre otras, y mejora tus conocimientos sobre cómo utilizarlas para conseguir cálculos más eficientes y eficaces.",Course,2020-10-16 06:41 UTC,N/A,false,N/A,
Integración HTML y CSS esencial,"Empieza hoy a dar tus primeros pasos con HTML y CSS. Conoce cómo dar forma al código partiendo de un diseño preestablecido, aprende a organizar correctamente las etiquetas de manera semántica y entiende los diferentes patrones de CSS para trabajar con el diseño, entre otros conceptos esenciales que te permitirán crear tu primera página web con éxito.",Course,2021-04-28 22:19 UTC,N/A,false,N/A,
Domina Python: Nivel 2,"Aprende trucos avanzados y técnicas para mejorar tu habilidad en Python con este contenido formativo. A través de vídeos prácticos y ejemplos, aprenderás cómo hacer una prueba unitaria que involucre fechas dinámicas con Python, cómo crear arreglos y matrices con Numpy y mucho más. Además, todo el código del curso estará disponible en GitHub Codespaces, lo que te permitirá seguir practicando y mejorando tus habilidades en cualquier momento. ¡No pierdas la oportunidad de mejorar tus habilidades en Python!",Course,2023-08-01 00:48 UTC,N/A,false,N/A,
Aprende big data: Análisis de datos,"Aprende big data para la empresa de hoy, desde las bases fundamentales a los roles más específicos de la ciencia de los datos. Conoce a qué nos referimos con big data y por qué es necesario estar al día en esta tecnología para sobrevivir en el ecosistema empresarial. Expande tus conocimientos sobre la presencia del big data en nuestras vidas y en las tecnologías que la rodean, y entiende cómo sacar mayor partido a este futuro reciente en tu propia empresa.",Course,2020-09-23 04:05 UTC,N/A,false,N/A,
JMeter: Performance and Load Testing,"Interested in adding load testing to your professional tool kit? In this course, learn how to use Apache JMeter, a popular open-source performance testing tool, to create and execute load tests that help you highlight performance issues in your software. Instructor Mike Smith takes you through the installation and setup of JMeter and JRE on Windows, and then shows how to create and run your first load test. Mike also goes over how to improve your load test by adding timers and assertions, how to run your load test through the CLI, and how to view your results in different ways by creating an HTML dashboard at CLI runtime.",Course,2026-06-16 13:14 UTC,N/A,false,N/A,
Project 2019 y Project Online Professional esencial,"Microsoft Project es el programa de creación y administración de proyectos más popular y profesional del mercado. Junto con Project Online, permite que millones de usuarios gestionen sus proyectos de manera óptima, los ayuda con la planificación y les permite llevar un seguimiento perfecto de su proyecto e identificar su estado en cada momento. En este curso, vamos a ver cómo crear un plan de proyecto, incorporar tareas, organizarlas y vincularlas, crear un calendario laboral y visualizar  la ruta crítica del proyecto. Además, aprenderás qué tipos de recursos existen y cómo añadirlos.",Course,2021-06-26 00:46 UTC,N/A,false,N/A,
Angular esencial,"Angular es un popular framework de JavaScript para la creación de aplicaciones web, que ha recibido en 2017 un avance importante frente a la versiones anteriores, mejorando su rendimiento, tamaño y sintaxis. En este curso aprenderás a crear aplicaciones con Angular, avanzarás paso a paso en su uso, desde la instalación, configuración y arquitectura hasta la publicación final de una aplicación. Al final del curso habrás creado tu primera aplicación utilizando esta potente plataforma elegida por miles de desarrolladores en el mundo y mantenida por Google.",Course,N/A,N/A,true,N/A,
C#: Design Patterns Part 1,"Design patterns are an important part of programming. Rather than programming solutions to every issue from scratch, developers can implement these patterns that solve common problems. In this course, instructor Richard Goforth explains the purpose and effective use of key design patterns in C#. Richard begins by discussing why design patterns make sense, what they are, and how they are grouped and categorized. He then provides an overview of the creational, behavioral, and structural Gang of Four design patterns and how they are applied in C# and .NET. Next, he takes a deeper dive into the Iterator, Factory Method, and Adapter patterns, providing hands-on challenges that help you master the application of these patterns in your own code.",Course,2025-10-21 00:10 UTC,2025-10-21 00:08 UTC,true,N/A,
Concienciación en ciberseguridad,"Comprende cómo la tecnología e Internet han transformado nuestras vidas, sociedades y empresas, y cómo la prevención de cualquier ciberriesgo y ciberamenaza pasa por estar informados para detectar y comprender cómo actúan los cibercriminales. En este contenido darás un repaso por sus motivaciones y modus operandi para saber aplicar los mejores consejos y medidas de seguridad que te permitan prevenir la inmensa mayoría de ciberataques; protegiendo tus dispositivos, tu información y a tu organización.",Course,2022-09-21 16:22 UTC,N/A,false,N/A,
Despliegue de Docker en AWS,"Descubre en detalle las principales funciones de Docker en Amazon Web Services y cómo implementar una aplicación basada en Docker para tenerla funcionando desde Amazon ECS y Amazon EC2. A lo largo de este curso explorarás los conceptos más importantes para la virtualización de contenedores y las ventajas de usar Docker en AWS en concreto. También aprenderás de cero a crear y configurar un registro de AWS ECR, además de la implementación una imagen de Docker en Amazon ECS y Amazon EC2 paso a paso.",Course,2022-12-06 20:03 UTC,N/A,false,N/A,
Crea un perfil de éxito en LinkedIn,"¿Siempre te has preguntado si necesitas una cuenta de usuario en LinkedIn? Este curso te descubrirá el verdadero potencial de la red social profesional más grande del mundo y cómo puede ayudarte a mejorar tus perspectivas profesionales si cuentas con un perfil completo y atractivo. Paso a paso, aprenderás a crear tu propia cuenta y a enriquecerla con toda la información que te representa como especialista en tu campo, para que tu presencia digital impresione al mundo y te traiga grandes contactos y oportunidades laborales.",Course,2020-11-05 05:54 UTC,N/A,false,N/A,
Getting Things Done. Organízate con eficacia,"Con David Allen, autor de fama mundial y experto en productividad y gestión del tiempo, descubre su proceso de cinco pasos para organizarte con eficacia. Getting Things Done (GTD) es un método que te mostrará cómo afrontar tu trabajo sin abrumarte,  dejando espacio en tu vida para tareas más significativas. Aprende a capturar, clarificar, organizar, revisar y hacer las tareas que demandan tu atención, y seguir adelante con la cabeza clara y un enfoque decidido.",Course,2026-04-30 21:07 UTC,N/A,false,N/A,
Azure: Microservicios avanzados para desarrollo .NET,"Descubre conceptos y patrones de diseño sofisticados para construir aplicaciones nativas de la nube con microservicios en Azure, usando .NET, ASP.NET Core y el lenguaje C#. Durante este contenido conseguirás comprender los principios fundamentales de los microservicios a través de conceptos avanzados y robustos como: la arquitectura basada en eventos (Event-Driven Architecture), Domain-Driven Design, CQRS, Event Sourcing y API Gateway. A través de un proyecto de ejemplo, conseguirás las tácticas avanzadas que necesitas para construir mejores soluciones nativas de la nube con Azure y .NET.",Course,2022-02-11 12:09 UTC,N/A,false,N/A,
DevOps Foundations: Transforming the Enterprise,"As your organization evolves, your IT practices can't remain stagnant. Growing organizations are faced with a variety of new and unique concerns: legacy programs, multiple vendors, and more. In this course, learn how to adopt and scale DevOps—a set of practices you may already be familiar with—in an enterprise environment. Instructor Mirco Hering explains what makes enterprise-level DevOps unique and steps through how to jump-start your own transformation. Learn how to analyze your application portfolio and identify a minimum viable cluster for your DevOps adoption. Explore value stream mapping and the different types of enterprise-level DevOps tools. Plus, learn how to include vendors in your DevOps journey, steer your transformation, and make a central DevOps team work for your business.",Course,N/A,N/A,true,N/A,
Succeeding in DevOps,"DevOps engineer is one of the most in-demand tech jobs on the market. But since this role is still relatively new, aspiring DevOps engineers may have a somewhat murky understanding of what the position entails. In this course, Laura Stone clearly outlines what's expected of DevOps practitioners, as well as what it takes to become a DevOps engineer (and how to excel once you've landed the job). She begins by highlighting the basic qualifications and training needed to land a job as a DevOps practitioner. Next, she provides a technical roadmap for the skills needed to gain an entry-level role in DevOps; shares tips from a DevOps recruiter;  and provides steps for measuring progress and achieving your goals throughout your DevOps career.",Course,2021-10-15 14:06 UTC,2021-05-14 04:31 UTC,false,N/A,
Agile en acción: Mejorar con retrospectivas ágiles (2019),"Una retrospectiva ágil permite que el equipo mejore de manera continua y en conjunto. Esta simple práctica hace que los miembros del equipo dejen de centrarse tanto en los problemas del día a día que surgen con la entrega del producto y se centren en el equipo. ¿Qué estamos haciendo bien? ¿Qué podemos hacer mejor? La respuesta a estas preguntas ayudarán a que el equipo cree una mentalidad más ágil. Se organizarán a sí mismos y serán más productivos. En lugar de hacer una reunión post mortem al final del proyecto, harán comprobaciones durante todo el proceso.
En este curso, el experto en Agile Doug Rose describe las cinco fases de las reuniones de retrospectiva: establecer el rumbo, poner los problemas sobre la mesa, recopilar información del equipo, tomar decisiones, y por último, aplicar los cambios. Doug utiliza el diagrama de estrella de mar y el diagrama PANCAKE para identificar problemas y oportunidades de mejora, y muestra cómo cerrar una retrospectiva con elementos de acción claros.",Course,2021-08-30 03:45 UTC,N/A,true,N/A,
.NET 5: ASP.NET Core esencial,"Amplía y expande tus conocimientos sobre el desarrollo de sofisticadas soluciones de microservicios y web usando ASP.NET Core 5. Durante este contenido formativo cargado de ejemplos repasarás los conceptos fundamentales de la plataforma de desarrollo ASP.NET Core 5. Al finalizar, serás capaz de identificar sus componentes más importantes, sus diferentes tipos de proyectos y las herramientas necesarias para construir soluciones, como el uso de web API, Tye, páginas Razor o Blazor, entre otros conceptos clave.",Course,2021-09-06 02:20 UTC,N/A,false,N/A,
.NET Core avanzado (2019),"Lleva tu potencial de desarrollo a un nuevo nivel gracias a las funcionalidades avanzadas disponibles en .NET Core 3.0. Incrementa tus conocimientos sobre la plataforma conociendo su funcionamiento interno, conceptos clave como los modelos de servicios gRPC, características poderosas en WPF o cómo se mejora la seguridad con ASP.NET Core Identity.",Course,2020-05-06 14:08 UTC,N/A,false,N/A,
Scrum avanzado,"Cuando ya dominas los fundamentos de Scrum, puedes empezar a profundizar más en este marco de trabajo tan popular. 
Aprende en este curso técnicas avanzadas de Scrum que harán que tú y tu equipo sean incluso más eficaces. Kelley O'Connell empieza el curso repasando algunos fundamentos de Scrum y explicando cómo optimizar la eficacia del propietario del producto y del Scrum Master. Luego, enseña el rol del propietario del producto en profundidad y cómo puedes realzar sus habilidades para que el producto sea insuperable. A continuación, explora el papel del Scrum Master y explica cómo puede perfeccionar sus técnicas para interceder por el equipo, y cómo eliminar obstáculos que se pueden interponer en el camino hacia el éxito.",Course,2025-02-11 20:53 UTC,2021-04-15 04:40 UTC,false,N/A,
Conviértete en especialista en desarrollo .NET,Comienza hoy mismo a desarrollar de manera profesional en .NET. Conoce las características fundamentales de este framework de Microsoft que hace un énfasis en la transparencia de redes y el desarrollo ágil. Descubre por qué .NET es una plataforma de desarrollo estratégica que te permite un rápido desarrollo de aplicaciones con independencia de la plataforma de hardware o sistema operativo que utilices.,Learning Path,2022-06-28 17:53 UTC,N/A,false,N/A,
Conviértete en especialista en desarrollo iOS,"¿Quieres crear tus propias aplicaciones? ¿Te interesa adentrarte en el mundo de iOS y dedicarte al desarrollo de apps? Descubre las herramientas, el lenguaje y los conceptos necesarios para crear y desarrollar aplicaciones para iOS.					
					
					",Learning Path,2021-07-02 13:06 UTC,N/A,false,N/A,
Conviértete en especialista en desarrollo Android,"Android es la plataforma de referencia para la creación de aplicaciones móviles, y es un mercado que, pese a estar altamente explotado, sigue siendo uno de los más florecientes. Aprende a crear aplicaciones moviles para esta plataforma de dispositivos, desde teléfonos móviles hasta tablets, pasando por ordenadores y otros muchos dispositivos que aceptan aplicaciones de este tipo.",Learning Path,2021-04-28 18:56 UTC,N/A,false,N/A,
Conviértete en especialista en programación,"El trabajo en programación es hoy en día uno de los sectores laborales con más demanda. Consigue los conocimientos necesarios para convertirte en un especialista en programación de éxito y aprende los fundamentos que precisas, sea cual sea el lenguaje de programación al que te dediques.	",Learning Path,2023-09-08 15:37 UTC,N/A,false,N/A,
CONTENT METADATA NO LONGER EXISTS - urn:li:lyndaLearningPath:5c3dab68498e17ea5c880aba,CONTENT METADATA NO LONGER EXISTS - urn:li:lyndaLearningPath:5c3dab68498e17ea5c880aba,Learning Path,2021-08-03 18:59 UTC,N/A,false,N/A,
CONTENT METADATA NO LONGER EXISTS - urn:li:lyndaLearningPath:5c1198fa498ea58dd726c540,CONTENT METADATA NO LONGER EXISTS - urn:li:lyndaLearningPath:5c1198fa498ea58dd726c540,Learning Path,2021-05-01 22:44 UTC,2021-05-01 22:44 UTC,false,N/A,
Conviértete en especialista en administración de redes,"Aprende las habilidades necesarias para diseñar una nueva red. Consigue implementar dicho proyecto de red utilizando el modelo TCP/IP. Desarrolla y expande tus conocimientos sobre ciberseguridad para que tu red esté siempre segura y domina, además, las diferentes herramientas que necesitarás para realizar una correcta gestión de las redes de tu propia empresa en el día a día.",Learning Path,2021-04-28 18:56 UTC,N/A,false,N/A,
Conviértete en especialista en desarrollo Swift,"Descubre todas las posibilidades de Swift, el lenguaje de programación multiparadigma creado por Apple para su propio ecosistema. En este itinerario, aprenderás todo lo que necesitas saber para dominar la programación con este popular lenguaje. Además, entenderás por qué resulta particularmente seguro, fácil de integrar con otros frameworks y rápido; haciéndolo ideal para el desarrollo ágil de software.				
				
				
				
				
				",Learning Path,2025-02-11 23:04 UTC,N/A,false,N/A,
Desarrolla tus habilidades de productividad con IA generativa con Microsoft y LinkedIn,"Transforma datos brutos en perspectivas significativas, crea presentaciones convincentes y genera imágenes creativas utilizando las herramientas más recientes.",Learning Path,2026-07-02 02:51 UTC,N/A,false,N/A,
Conviértete en desarrollador Azure,"Amplifica tus capacidades de desarrollo con Azure, la apuesta de Microsoft en servicios en la nube para desarrolladores y especialistas IT. Este itinerario está pensado para que puedas ponerte al día con los servicios más interesantes que ofrece Azure para el desarrollo de código y la creación de aplicaciones con inteligencia artificial. Al terminar, habrás dado un paso más hacia el futuro que espera al desarrollo de aplicaciones.<br><br><b>Nota</b>: Esta ruta de aprendizaje se <b>actualizó el 17 de agosto de 2026</b>. Si ya habías completado la ruta, tu certificado de finalización no se ve afectado. Si la estabas haciendo, es posible que ahora se requiera este curso: Azure DevOps esencial.",Learning Path,2022-05-07 23:22 UTC,N/A,false,N/A,
RAG Fine-Tuning: Advanced Techniques for Accuracy and Model Performance,"Unlock the power of retrieval-augmented generation (RAG) with this hands-on course on RAFT (retrieval-augmented fine-tuning). Learn to integrate fine-tuning with RAG to create domain-specific models that deliver accurate, contextually relevant responses. From understanding core concepts to implementing advanced techniques like RAFT and using tools like Azure AI Studio, this course equips you with the skills to enhance and deploy sophisticated RAG systems. Ideal for AI practitioners aiming to optimize model performance in specialized domains.",Course,2026-02-12 13:41 UTC,N/A,false,N/A,
"Learning Full-Stack JavaScript Development: MongoDB, Node, and React","Learn by doing! Learn full-stack JavaScript development by building a web application with MongoDB, Node.js, and React.js.

Learn how to use Node as a web server and an API server, how to consume data and build user interfaces with React, and how to read and write data with a MongoDB database. React allows you to build full-featured, data-driven applications faster and more efficiently than what is possible with JavaScript alone.

Samer Buna introduces modern JavaScript programming concepts, with an emphasis on functional methods and open-source tools. The lessons are almost completely hands-on, with live coding demonstrations that bring the concepts home.",Course,2025-04-22 01:39 UTC,N/A,false,N/A,
Fundamentos de la tecnología blockchain,"Nos encontramos en el abismo de una nueva forma disruptiva y radical de encaminar las transacciones que llevamos a cabo en internet. Aunque está todavía en sus primeros momentos, la tecnología blockchain demanda que le prestemos atención.
En este curso introductorio, aprenderás qué es la blockchain y qué podría significar para ti. Jonathan Reichental, que se encuentra entre los 100 mejores directores de sistemas de información del mundo de 2017, profundiza en la tecnología blockchain desde una perspectiva conceptual. El curso no es técnico, y está dirigido a aquellas personas que trabajen en puestos relacionados con la dirección, la ciencia de datos y la gestión informática.",Course,2021-08-02 18:05 UTC,N/A,false,N/A,
JavaScript: TDD y pruebas unitarias avanzado,"Con este curso aprenderás a trabajar con la metodología Test Driven Development para poder escribir pruebas unitarias. Conoce las mejores prácticas para crear pruebas simples, sencillas y precisas, perdiendo el miedo al proceso con frameworks como DOM Testing, Jest y Cypress para escribir pruebas unitarias y end-to-end mejor conocidas como e2e. Durante el contenido también te iniciaras en Wallaby, Jest Runner y Nx Workspace. Al terminar, serás capaz de escribir pruebas de una manera práctica, sencilla y eficaz a todo tu código de JavaScript.",Course,2022-09-03 16:41 UTC,N/A,false,N/A,
Trucos rápidos de OneDrive,Aumenta tu productividad y agiliza tu forma de trabajar con OneDrive gracias a este curso de consejos y trucos rápidos. Empieza hoy a expandir tus habilidades con esta colección diseñada para hacerte ahorrar tiempo y trabajo.,Course,2021-07-25 15:06 UTC,N/A,false,N/A,
Building Angular and ASP.NET Core Applications,"Want to build your own web application? In this course, Ervis Trupja shows you how, explaining what it takes to create a web app using Angular, the popular JavaScript framework, for the front end and the ASP.NET Web API for the back end. Ervis steps through how to build the service layer with the ASP.NET Web API to expose the required endpoints to create, read, update, and delete entries. He then shows how to build a UI using Angular with Bootstrap; implement NgRx—a framework for building reactive applications in Angular—in your app; and handle different user authentication cases with Auth0.",Course,2026-03-06 19:44 UTC,2026-03-06 19:43 UTC,false,N/A,
"C#: Interfaces, delegados, eventos y genéricos esencial","Amplía y expande tus conocimientos de C# gracias al dominio de los conceptos clave tales como las interfaces, los delegados, los eventos y los genéricos. Aprende a usar de manera efectiva estos mecanismos que sirven de base al lenguaje C# y que se utilizan de manera intensiva en las librerías de .Net para crear desarrollos más reutilizables, legibles, elegantes y seguros.",Course,2021-08-24 15:54 UTC,N/A,false,N/A,
Power BI: Modelado de datos con DAX,"Aprende a sacar mayor partido al uso del lenguaje DAX con Power BI profundizando en el manejo adecuado de las expresiones y la capacidad del lenguaje en la resolución de los requisitos de negocio en los informes. Durante el contenido empezarás por entender las bases del modelo tabular y del lenguaje DAX, para después pasar a los contextos y funciones, el uso avanzado de filtros y análisis de acumulados o comparativas en el tiempo. Para finalizar, descubrirás herramientas para tratar la calidad y optimización del modelo y las expresiones DAX. El curso es eminentemente práctico y todo el contenido se desarrollará con ejemplos para que puedas comprender y asimilar mejor los conocimientos.",Course,2023-05-09 14:05 UTC,N/A,false,N/A,
Tech Career Skills: Effective Technical Communication,"<p>Today's developers have numerous resources for learning the ""hard"" skills required to succeed in a technical role, but many are missing the soft skills required to excel in their careers. This course focuses on one of the most important: communication. Learn how to work with a diverse team, with different knowledge, backgrounds, and perspectives, and figure out which aspects of communication you can automate—and which need a more personal touch. Instructor Annyce Davis covers how to establish standards and processes, work and communicate as a team, hold effective meetings in an agile workspace, and handle common challenges to communication, from communicating across cultures to communicating across time zones. The skills you develop in this course will help you become a more effective technical communicator and take the next step in your career.</p>
<p>This course includes AI-powered Role Play. Role Play allows you to practice what you’ve learned in interactive simulations of real-world conversations.</p>",Course,2026-03-06 20:59 UTC,2026-03-06 20:57 UTC,false,N/A,
Building Angular and ASP.NET Web API Apps,"This course provides a practical guide to building modern full-stack web applications using ASP.NET Web API and Angular. Learn how to create and secure RESTful API endpoints, integrate them with an Angular frontend, and perform essential CRUD operations. Along the way, instructor Ervis Trupja covers best practices for designing scalable and maintainable applications, including authentication using JSON Web Tokens. By the end of the course, you should also understand how to deploy your applications to production environments, ensuring they are ready for real-world use. This course is perfect for developers who are just getting started or they want to improve their full-stack development skills using these powerful frameworks.",Course,2026-05-12 01:55 UTC,N/A,false,N/A,
Graph Databases: Neo4j for Complex Data Relationships,"Data is becoming more complex, and graph databases are perfect for storing and representing complex relationships between data. In this course, instructor Andreas Kretz introduces you to Neo4j fundamentals and walks you through creating a data project using Neo4j. Andreas explains terminology and goes over the properties of graph databases and the differences in data modeling between relational and graph databases. He goes over Neo4j query language, as well as deployment and scaling. Andreas shows you how to set up your environment and write data to your data project, then demonstrates how to query the data. He finishes up with a review of what you have learned and suggestions for learning more.",Course,2024-10-29 04:49 UTC,N/A,false,N/A,
Arquitectura de software: Creación de sistemas sustentables esencial,"Crea sistemas de software más sustentables que puedan permanecer en el tiempo, expandirse y madurar con la organización que los desarrolla. Este contenido formativo te instruirá en las bases conceptuales de arquitectura y diseño de software, el rol del arquitecto de software, el ciclo de vida del software, cultura organizacional y, por supuesto, técnicas, patrones de diseño y modulabilidad, así como análisis de la deuda técnica y la herencia, todo enfocado a crear sistemas más sustentables en el tiempo.",Course,2021-04-28 18:48 UTC,2021-04-28 17:56 UTC,false,N/A,
Java: Programación orientada a objetos esencial,"Aprende cómo funciona paradigma de orientación a objetos y sácale el máximo partido con este curso. Paso a paso y de forma práctica, descubrirás cómo realizar la implementación orientada a objetos, además de conocer otros conceptos como herencia, sobreescritura y reparto de responsabilidades.",Course,2021-07-30 15:28 UTC,N/A,false,N/A,
Novedades Office 2013,"Microsoft Office 2013 viene con todas las herramientas necesarias para trabajar tanto en la oficina, como en casa e, igualmente, cuando estamos en camino. Trabajar hoy en la nube y con dispositivos con pantallas táctiles es el camino que el avance tecnológico está mostrando y en este curso video2brain te mostramos cómo Microsoft está preparando este camino apuntando al futuro.",Course,2020-01-02 16:38 UTC,N/A,false,N/A,
Azure AZ-303 Prep. Cert.: Microsoft Azure Architect Technologies,"Prepárate para superar con todas las garantías de éxito el examen de certificación AZ-303 de Microsoft. Este contenido formativo de LinkedIn Learning te ayudará a repasar en profundidad cada tema incluido en la guía oficial de este examen orientado a implementar soluciones con Microsoft Azure. Además de comprender cada sección que puede parecer en la prueba, se te orientará sobre cómo se realiza el registro para certificarte como arquitecto Azure. ¡Empecemos cuanto antes tu camino a obtener la certificación!",Course,2022-05-12 23:29 UTC,N/A,false,N/A,
DevOps Foundations: Continuous Delivery/Continuous Integration (2017),"Continuous delivery is one of the major DevOps practice areas. By continuously building, testing, and delivering your code, you can reap huge stability, speed, and flexibility benefits. In this course, learn about continuous integration and continuous delivery (CI/CD), and see how these concepts work in practice by constructing your own build pipeline. Throughout the course, instructors James Wickett and Ernest Mueller discuss elements of the pipeline as they show how to take an app written in the Go programming language from development to production. They walk through version control, building artifacts, unit testing, and deployment, demonstrating common practices and tools along the way.",Course,2021-05-14 04:21 UTC,N/A,true,N/A,
Design Thinking: Facilitación de procesos de trabajo,"Este curso te ofrece una guía básica para el desarrollo del rol del facilitador, ideal para iniciarse en esta figura, que es una de las más importantes de los procesos de Design Thinking, y que rara vez obtiene una formación específica sobre el rol. De forma práctica y desde cero, se te presentarán las características más importantes del rol, se detallarán las tareas y actividades clave a la hora de facilitar sesiones de trabajo y obtendrás orientación sobre la mejor manera de aumentar valor como facilitador dentro del proceso de Design Thinking.",Course,2021-08-06 21:28 UTC,N/A,false,N/A,
Copilot para Microsoft 365: El arte de escribir prompts,"Explora el poder de Copilot en Microsoft 365 y domina el arte de escribir prompts efectivos. A través de técnicas avanzadas de prompt engineering, optimiza tu uso de Microsoft Teams, Outlook, Word, Excel y PowerPoint. Descubre ejemplos prácticos que puedes aplicar directamente en tu trabajo diario, independientemente de tu nivel de experiencia. Mejora tu productividad y eficiencia utilizando Copilot en las principales herramientas de la suite ofimática. Transforma tu forma de trabajar con estrategias innovadoras y maximiza el potencial de tus herramientas digitales.

</p><p>Este curso es parte de un <a href=""https://www.linkedin.com/learning/paths/microsoft-copilot-para-productividad-por-microsoft-y-linkedin"" target=""_blank"">certificado profesional de Microsoft.</a></p>",Course,2026-07-02 02:51 UTC,N/A,false,N/A,
Server Administration Essential Training,"Servers are the heavy lifters of IT. They power the internet, email, enterprise-level applications, databases, local networks, and more. While most users have a superficial understanding of servers, system administrators and IT pros must know them intimately. You must be prepared to configure, deploy, and maintain a variety of servers—with high availability <i>and</i> scalability. This course covers the fundamentals of servers, including popular server operating systems such as Windows Server and Linux. It's designed for the entry-level IT student who needs a basic understanding of server architecture, user administration, virtualization, storage, security, networking, and disaster recovery. Instructor Ed Liberman, an IT consultant and trainer for over 20 years, also reviews troubleshooting theory and tools, so you can understand common problems that can arise with servers and how to solve them.",Course,2023-10-10 03:47 UTC,N/A,false,N/A,
Hosting Virtual Machines in a Multicloud Environment,"Using multiple cloud providers has become the norm for organizations, as multicloud environments can improve security and operational efficiency while potentially reducing costs. In this hands-on course, Microsoft MVP Brien Posey demonstrates how to enable communication between Amazon Web Services (AWS) and Microsoft Azure. Get an overview of multicloud architecture and learn how to set up a cross cloud VPN between  Azure and AWS using only native managed services. You will learn how to configure virtual private clouds, subnets and address ranges, gateway services, firewalls,  and much more. After creating a cross cloud VPN, you will learn how to deploy Active Directory as a managed service, so that you can manage identities across clouds. You will even learn how to keep cloud based directory services synchronized with one another.",Course,2024-11-15 22:34 UTC,N/A,false,N/A,
Cómo conciliar el teletrabajo con la vida real en tiempos de crisis,"Cómo conciliar el teletrabajo con la vida real es un curso diseñado para desactivar uno por uno todos los motivos que convierten el teletrabajo en una misión casi imposible. Especialmente en tiempos de crisis, como el COVID-19. Desde una perspectiva antropológica, descubriremos la frustración que causan las creencias culturales obsoletas sobre lo que es ser profesional, aprenderemos a gestionar los niveles de estrés de toda la familia y a modular la expresión de las emociones para crear en casa un ambiente productivo y enriquecedor. Además, entenderemos el por qué de la motivación y desarrollaremos las herramientas prácticas para convertir el teletrabajo en una oportunidad para aumentar nuestra sensación de pertenencia y propósito.",Course,2021-03-01 13:23 UTC,N/A,false,N/A,
Arquitectura de software: Análisis de proyectos esencial,"Aprende sobre la importancia del análisis de proyecto, y específicamente la toma de requerimientos, cuando se trata de alcanzar el éxito en un proyecto de software. Este contenido formativo te proveerá con las técnicas necesarias para el análisis de requerimientos de una manera eficiente, conociendo los distintos tipos de requerimientos, así como técnicas y los posibles errores que se pueden presentar en esta etapa, todo por medio de ejemplo reales que se te presentarán en el día a día durante el desarrollo de software.",Course,2021-03-24 22:43 UTC,N/A,false,N/A,
React native práctico: aplicación móvil de usuario para gestión deportiva,"Las aplicaciones móviles son herramientas que usamos diariamente para actividades como organizar nuestra jornada, optimizar nuestros flujos de trabajo e incluso para mejorar nuestra calidad de vida.
Aprende a crear aplicaciones móviles con React Native, un framework desarrollado por Facebook para agilizar el desarrollo de aplicaciones para iOS y Android. Mediante un proyecto práctico, empezaremos definiendo y creando la estructura elemental de una aplicación móvil, luego definiremos componentes personalizados, e implementaremos la navegación y la conexión y el consumo de datos remotos. Conocerás también el uso de los componentes y API que React Native ofrece para la creación práctica de aplicaciones móviles, tanto para iOS como para Android.",Course,2021-08-03 18:59 UTC,N/A,false,N/A,
Amazon Web Services para profesionales IT,"Amazon Web Services, también conocido como AWS, es una colección de servicios web que forman una plataforma de computación en la nube, utilizada por muchas grandes empresas y considerada como un servicio pionero en la industria de servicios y archivos en la nube. En este curso los profesionales IT aprenderán cómo administrar estos sistemas, consiguiendo el mejor rendimiento y una disponibilidad continuada en estos servicios. Verás cómo crear una base de datos, cómo trabajar con copias de seguridad o controlar los recursos.",Course,2020-11-20 14:24 UTC,N/A,false,N/A,
Fundamentos LGBTQI+ para el entorno laboral,"Las personas LGBTQI+ son tema central en nuestras sociedades, tanto a nivel legislativo como social y laboral. El colectivo genera diferentes emociones y sentimientos, ¿pero todo lo que se comenta sobre su realidad y sus vivencias es real? Durante este curso obtendrás respuestas a estas y otras preguntas, explicando quiénes son las personas LGBTQI+, de dónde vienen y porqué necesitan personas aliadas en el ámbito laboral y personal. A través de una serie de herramientas y estrategias para aplicar en el día a día, aprenderemos a ser más inclusivos e inclusivas, y cómo acompañar y apoyar a personas del colectivo LGBTQI+. ¿Comenzamos el cambio?",Course,2022-09-21 16:06 UTC,N/A,false,N/A,
Azure: DevOps y VSTS esencial,"Conoce los principios, herramientas y técnicas de Azure DevOps y Visual Studio .NET. Amplia y mejora tus conocimientos sobre Azure Repos, Azure Pipelines, Azure Boards, Azure Test Plans y Azure Artifacts. Consigue entregar software de mejor calidad en menos tiempo y asegura un desarrollo exitoso en proyectos de cualquier tipo de tamaño.",Course,2022-01-07 02:29 UTC,N/A,true,N/A,
Editing Mastery for Short-Form Content Using CapCut,"<p>This course offers a step-by-step guide to mastering video editing with CapCut, the powerful tool for short-form content creation. Start with setting up your workspace and brand kit, then dive into essential and advanced editing techniques, including transitions, LUTs, sound effects, and animated captions. Content marketing expert Joanna Yung shows you how to enhance your videos with the right music, voiceovers, and exporting techniques. The course also includes tips for outsourcing editing, making it perfect for creators who want to scale their content efficiently.</p><p>This course was created by Joanna Yung. We are pleased to host this training in our library.</p>",Course,2026-04-05 00:33 UTC,N/A,false,N/A,
"Playwright Essential Training: Abstractions, Fixtures, and Complex Scenarios","Playwright is a newer tool that has joined the ranks of Cypress and Selenium in open-source automation tooling. Playwright works right out of the box, and its comprehensive feature set allows testers and developers to quickly create new test automation projects without having to rely on combining multiple libraries and tools together. Whether you are a manual tester looking to dip your toes into test automation or a seasoned test automation engineer, check out this course to get hands-on experience with the top features that make Playwright a great choice for your automated tests. Instructor Butch Mayhew takes you through some advanced features and covers best practices for writing, running, and maintaining tests as you scale with Playwright.",Course,2026-02-20 16:23 UTC,2026-02-20 16:20 UTC,true,N/A,
Back-End Web Development with .NET,"<p>Creating a dynamic website is easier than you might think. Web APIs are designed to enable applications to interact with data and business logic and exchange information with other services over common internet protocols like HTTP. This course, designed by Microsoft .NET, provides a comprehensive introduction to the core concepts and technical skills required for back-end developers to successfully leverage the power of .NET. Explore the hosting model, implementing a web API with .NET, testing .NET web APIs, middleware, endpoint filters, and dependency injection. Along the way, you’ll learn how to start building HTTP-based services using minimal APIs.</p><p>This course was created by Microsoft.NET. We are pleased to host this training in our library.</p>",Course,2026-02-19 21:20 UTC,2026-02-19 21:20 UTC,false,N/A,
C# and .NET Development with Visual Studio,"<p>Visual Studio is an integrated development environment (IDE) that’s very popular for .NET and C++ workloads. In this course, the Microsoft .NET team presents a quick look at the best features Visual Studio has to offer, including code navigation, debugging, testing, code completion, and collaboration. Gain a thorough understanding of the basics that you need to get started with Visual Studio 2022 and .NET 8, including valuable customization and productivity tips along the way.</p>

<p>This course was created by the Microsoft .NET team. We are pleased to host this training in our library.</p>",Course,2026-03-06 17:34 UTC,2026-03-06 17:33 UTC,false,N/A,
How to Use Data Visualization to Make Better Decisions—Faster,"Most organizations are drowning in data but are thirsty for understanding. An abundance of information doesn’t do you any good if you’re not able to understand it or communicate its significance. If you’re among the 99% of business professionals who don’t create data visualizations for a living, join Steve Wexler in this course as he takes you through the basics of data visualizations so that you and your organization can have informed, intelligent discussions about data. He covers topics like how data visualization can help communicate and persuade, the best ways to utilize color in charts, how the right visualization can reduce the time to insight, and the pros and cons of various types of charts. As Steve makes clear, knowing how to decipher, understand, and see the value of charts and dashboards will give you a graphic literacy that will help you thrive in today’s data-rich world.",Course,2024-02-12 18:27 UTC,N/A,false,N/A,
Spring Boot 2.0 Essential Training,"Learn how to get started with Spring Boot 2.x, a powerful framework that can help you build web applications quickly, using less code. The Java-based programs you build in Spring Boot ""just run"": they resolve their own dependencies and create containers for running code in any environment. Learn how to use Spring Boot to build your projects in this course with software architect and Spring developer Frank Moley. Frank shows how to initialize, containerize, and run Spring Boot web apps and CLI apps, and use the library of common starter projects to fill business-critical needs: data, messaging, security, and more. Plus, find how to extend Spring Boot by creating your own starters and use the Actuator module's HTTP endpoints to monitor and manage your apps.",Course,2023-10-08 23:37 UTC,N/A,false,N/A,
SQL Server para desarrollo y programación esencial,"Descubre todas las posibilidades que ofrece SQL Server y por qué es una herramienta necesaria en toda organización y una de las tecnologías de referencia en cuanto a bases de datos. Aprende a realizar un flujo de trabajo en SQL Server, cómo hacer consultas o cómo definir correctamente los niveles de aislamiento o las distintas formas de comunicarte con tu base de datos, entre otros conceptos clave. Además, entiende su potencial para construir soluciones de analítica avanzada que te permitan, en última instancia, tomar mejores decisiones.",Course,2022-05-20 16:19 UTC,N/A,false,N/A,
Mindfulness: Cómo conseguir una atención plena,"Diversos estudios científicos confirman que la práctica de mindfulness se relaciona con un buen rendimiento, la buena salud y el bienestar. Por eso empresas líder como Google y Deutsche Bank cuentan con programas de mindfulness para sus empleados.

El profesor de la Universidad de California y asesor de ejecutivos John Ullmen explica los fundamentos de la atención plena y te presenta métodos accesibles para cualquier persona. Son técnicas cuyo funcionamiento se ha demostrado en investigaciones y en la práctica, y te servirán para lidiar con el estrés, la ansiedad, el miedo, la preocupación y la inseguridad, y para aumentar la confianza, el máximo rendimiento y la conexión con los demás.",Course,2020-12-27 03:30 UTC,N/A,false,N/A,
Deporte en casa: Ejercicios fundamentales,"El ejercicio físico es una gran fuerza generadora de salud y aporta innumerables beneficios a nuestro cuerpo y a nuestras emociones. En este curso, aprenderás cuáles son los factores que tienes que tener en cuenta para poder practicarlo de forma óptima y segura. Además, si nunca tienes tiempo para hacer deporte, encontrarás seis ejercicios muy sencillos y guiados por un entrenador personal para ayudarte a dar el primer paso e incorporar la actividad física en tu día a día desde casa y sin necesidad de equipamiento.",Course,2021-08-18 15:25 UTC,N/A,false,N/A,
Azure: Microservicios esencial,"Conoce el concepto de microservicios gracias a Microsoft Azure y este curso. Entiende cuáles son los pros y los contras de esta arquitectura, sus rasgos y características principales, así como también su relación con los demás servicios que ofrece la plataforma.",Course,2022-05-07 23:22 UTC,N/A,false,N/A,
Hands-On Data Analysis with Claude,"Data analysis has long been time-consuming and reserved for experts with advanced technical skills. But with the rise of AI, tools like Claude by Anthropic are transforming how we work with data. In this hands-on course, discover how to use Claude as your copilot to streamline your analysis workflow. Learn how to connect to your data, clean and prepare it, explore patterns, build visualizations, and create simple statistical models. Whether you're a seasoned data professional or just starting out, this course helps you analyze data more efficiently, make confident decisions, and unlock new insights with ease.",Course,2026-07-10 20:30 UTC,N/A,false,N/A,
SQL Server para programación avanzado,"Domina al máximo nivel el sistema de gestión de base de datos relacional SQL Server gracias a este curso de técnicas y consejos avanzados. Aprende conceptos clave sobre seguridad e infraestructura, conoce los diseños más comunes a implementar y consigue una correcta optimización tanto de este diseño como de usabilidad y compresión. Además, conoce las ventajas del uso del entorno de ejecución CLR en SQL Server para obtener funcionalidades adicionales.",Course,2021-03-23 01:55 UTC,N/A,false,N/A,
JavaScript avanzado: Buenas prácticas,"Las buenas prácticas son un conjunto de recomendaciones basadas en las rutinas de otros desarrolladores y gracias a ellas, tu trabajo será más comprensible, mejor organizado y tendrá un mejor rendimiento. En este curso conocerás las buenas prácticas más populares y eficaces, que harán que tu trabajo como desarrollador usando JavaScript mejore y sea más práctico al trabajar en una nueva aplicación web. Estas buenas prácticas se convertirán en el set de acciones que incorporarás en cada proyecto web y que ayudarán a que tu código sea mejor.",Course,2020-01-03 02:46 UTC,N/A,false,N/A,
Características de un gran Scrum Master,"A medida que las organizaciones adoptan las prácticas Agile, va aumentando la demanda de la función de Scrum Master. Sin embargo, aunque en la actualidad este cargo es más común, a muchos profesionales aún les cuesta saber dónde encajarlo dentro de su equipo y en sus procesos. En este curso, el formador Brandon Raines enseña a los Scrum Masters que se acaban de certificar (o a los que están aprendiendo a trabajar con ellos) cómo tener éxito con sus tareas. Brandon explora los atributos de los buenos Scrum Masters, más allá de su competencia. Descubre cómo dirigen a sus equipos al éxito mientras van eliminando obstáculos, identifican las causas de los problemas y enseñan Scrum, entre otras tareas.",Course,2022-03-15 23:10 UTC,N/A,false,N/A,
Building RESTful APIs with Node.js and Express,"Did you know you can use Node.js and Express to build a web API that can push and pull data from your applications via HTTP? You don't have to learn ASP.NET or Python. You don't even have to know that much about back-end programming. In this course, Emmanuel Henri shows you how to create a simple, RESTful web API with these two popular JavaScript libraries. He guides you through how to set up the project, including the Express server and testing environment, and create the endpoints that you need to add, update, and delete data from a MongoDB database. Plus, Emmanuel demonstrates how to serve static files such as images with your new API and explores additional libraries that can help streamline API development, such as Koa and LoopBack.",Course,2025-05-11 02:09 UTC,N/A,false,N/A,
Learning Selenium,"Selenium is one of the most popular tools for testing web-based applications. It allows QA engineers to write and automate tests across many different browsers and operating systems, without a special scripting language. This course introduces Selenium to new users, covering installation and basic use cases. Find out how to set up the test-writing framework, WebDriver, and Selenium Grid, which allows you to distribute the testing load and run tests against a remote server. Learn best practices to write effective tests using variables and functions, and to organize tests into suites that can scale over time. Instructor Meaghan Lewis—a QA engineer at GitHub—also explains the test pyramid paradigm, which details an ideal way to balance unit, integration, and UI testing.",Course,2026-03-17 15:59 UTC,2021-04-18 05:13 UTC,false,N/A,
Spring 6: Design Patterns,"Design patterns empower developers to be as effective as possible as they build software using known patterns for solving programs. Frameworks like Spring can make using these patterns even more powerful. In this course, software developer and architect Frank Moley highlights the most prevalent design patterns used by and in the Spring Framework. Learn about the core patterns in play, as well as how you can use them yourself, in the Spring framework. Explore a variety of creation patterns, structural patterns, and operational patterns. Plus, touch on other framework patterns like the observer pattern, the command pattern, the mediator pattern, and the interpreter pattern. With this knowledge of design patterns, you will be better equipped to develop with the Spring Framework for Java.",Course,N/A,N/A,true,N/A,
ChatGPT for Web Developers,"<p>Since its release in November 2022, ChatGPT has taken the world by storm. It’s a game changer for web developers, too, who can use it to improve the efficiency and productivity of their overall workflows. In this course, join instructor Sandy Ludosky for an introduction to ChatGPT for web developers.</p><p>Explore the basics of how ChatGPT works and how to start using it to generate code—coding better and faster than ever before and optimizing the appearance of webpages with CSS. Learn to converse with the ChatGPT UI to create fully realized web applications using JavaScript and ReactJS. Along the way, level up your skills with the exercise challenges at the end of each section. By the end of this course, you’ll also be equipped with new skills for prompt engineering to create next-generation ChatGPT-powered applications.</p>",Course,2023-11-16 20:51 UTC,N/A,false,N/A,
Build with AI: Leverage Claude Code Subagents in Software Projects,"<h3>Description</h3>
<h4>What is this course about?</h4>
With subagents—specialized AI assistants—in Claude Code, you can automate multiphase engineering tasks. In this course, explore how to treat this software like a coherent team to streamline architecture design, debugging, and code reviews. Learn how to integrate subagents into real-world projects for scalable, intelligent systems, and harness multiagent reasoning to accelerate development cycles and boost code quality. By the end of this course, you’ll be equipped with the tools and skills required to improve project outcomes using Claude Code subagents. </p>

<h3>Objectives</h3>
<h4>What will I be able to do by the end of this course?</h4>
<ul>
<li>Automate multiphase tasks such as architecture design, debugging, and code reviews to enhance productivity.</li>
<li>Integrate subagents into real-world projects to build scalable, intelligent engineering systems.</li>
<li>Apply multiagent reasoning to accelerate development cycles and improve code quality.</li>
<li>Develop efficient debugging and code review processes employing AI assistants.</li>
<li>Implement strategies for accelerating development cycles with collaborative subagent interactions.</li>
</ul></p>

<h3>Audience</h3>
<h4>Who is this course for?</h4>
<ul>
<li>Software developers</li>
<li>Vibe coders</li>
<li>AI enthusiasts</li>
<li>Project managers in software development</li>
<li>Engineers interested in AI-driven automation in coding environments</li>
</ul></p>",Course,2026-02-20 16:25 UTC,N/A,false,N/A,
Certification Prep: Professional in Human Resources (PHR)® (2018),"Distinguish yourself from others in the HR field by earning the Human Resources Certification Institute (HRCI®) Professional in Human Resources (PHR) certification. By taking and passing the PHR exam, you indicate to colleagues and potential employers that you boast a deep understanding of both the technical and operational aspects of HR. This course was designed to prepare you to approach your exam day with confidence. Instructor Joanne Simon-Walters provides an overview of the PHR exam content, going over key topics in each of the five functional areas: business management, talent planning and acquisition, learning and development, total rewards, and employee and labor relations. Joanne also provides tips for maximizing the course and crafting an effective study plan.</br></br> 

Disclaimer: This course is not produced nor endorsed by HRCI®.",Course,2021-03-24 22:42 UTC,N/A,false,N/A,
"Big data, recursos humanos y gestión del bienestar laboral","Sentirse bien es uno de los objetivos vitales del ser humano. Imagínate liderar una organización sin indicadores de estado ni cómo medir mejorías. ¿Qué pasaría si desde el departamento de recursos humanos pudiéramos entender mejor el momento presente? ¿Y si tuviéramos la capacidad para conocer qué opciones de bienestar se adaptan mejor a nuestro estilo de vida y al de nuestra organización? El objetivo principal de este contenido es enseñarte a tener una visión global del bienestar y la felicidad en la empresa para crear soluciones personalizables para la fuerza de trabajo con el uso del big data. En tiempos de COVID-19, esta valiosa información te será imprescindible.",Course,2022-04-07 21:03 UTC,N/A,false,N/A,
Desafío de programación: Java,"Refuerza tus conocimientos de programación en Java y mejorar tu pensamiento lógico-computacional a través de la solución de ejercicios prácticos que te supondrán un verdadero reto y te permitirá refrescar tus conocimientos. Durante el contenido se te planteará resolver una serie de minidesafíos de programación, y por cada reto y se te dará posteriormente la solución óptima. Los problemas que se se muestran son los típicos que podrías encontrar en tu práctica diaria, para que te sean útiles, y van desde un nivel iniciación-básico a alguno más avanzado.</br> Este curso está integrado con GitHub Codespaces, un entorno de desarrollo instantáneo alojado en la nube que ofrece toda la funcionalidad de tu IDE favorito sin tener que configurar una máquina local. Aprende a configurar y utilizar este IDE con el vídeo “Cómo usar GitHub Codespaces con este curso”.",Course,2023-06-20 22:33 UTC,N/A,false,N/A,
Domina React,"Expande tus habilidades con React con este curso que te instruye en conceptos más avanzados y te permite avanzar en tu dominio de esta popular librería para JavaScript enfocada en la construcción de interfaces de usuario funcionales, atractivas y esacalables. Durante el contenido repasarás de lo esencial a avanzado por las funcionalidades más importantes de React y cómo sacarle provecho en tus propios proyectos de programación. ¡No te lo pierdas!",Course,2023-11-12 05:04 UTC,N/A,true,N/A,
Learning Kubernetes (2018),"Kubernetes is the world's most popular open-source container orchestration engine. It offers the ability to schedule and manage containers—Docker or otherwise—at scale. This course introduces developers, DevOps engineers, and IT pros to Kubernetes. First, learn how to get a Kubernetes environment up and running on Mac or Windows using Minikube, and understand the components for Kubernetes. Next, deploy a sample Kubernetes application and manage it with the Kubernetes dashboard. Instructor Karthik Gaekwad also shows how to deploy a more complicated application with a database and APIs. Then learn how to run jobs and cron jobs. Finally, explore more advanced topics, including production deployments, namespaces, monitoring and logging, and authentication and authorization.",Course,2021-05-16 02:52 UTC,N/A,false,N/A,
Managing Jira Projects: 2 Managing Boards,"Learn how to configure and manage a Jira board, then dive into how boards and projects relate to each other. Discover how to manage issues and move them between projects, as well as why it’s important to track business and agile metrics for your projects. Plus, walk through how to create dashboards and how to attach gadgets to them.<br><br>Note: To check out other Atlassian University courses about Jira workflows, reporting, automation, and more, click <a href=""https://university.atlassian.com/student/catalog/list?category_ids=21560-jira-software?utm_source=linkedin-learning&utm_medium=comarketing&utm_campaign=P:uni-training*O:university*C:bio*I:linkedin-learning*"" target=""_blank"">here</a>.",Course,2024-02-20 19:13 UTC,N/A,false,N/A,
Advanced Selenium: Automation Frameworks,"Automation is about three things: balance, timing, and reaction. Selenium is the automation tool that allows you to combine all three aspects into testing. By integrating Selenium with popular languages like Java, Ruby, and Node.js, you can develop a custom test automation framework suitable for testing the most complex web and mobile apps. In this course, instructor Jain Waldrip walks you through the creation of a simple automation framework with each of these three languages. Learn how to install the necessary tools—including the dependency manager, unit test framework, and libraries for each language—and start writing tests. The end result is a viable MVP you can use to evaluate your options or develop into your own custom solution.",Course,2026-03-17 15:59 UTC,2025-10-08 00:03 UTC,false,N/A,
Visual Studio: Mobile Center esencial,"Crea y desarrollar aplicaciones móviles potentes y de calidad de manera sencilla. Aprenderás a utilizar la compilación firmada desde código fuente, tests predefinidos o personalizados en dispositivos reales, recolección de estadísticas de uso y errores durante la ejecución y gestión de envío de notificaciones push. Con Visual Studio Mobile Center, utilizando todas las características de la plataforma, te despreocuparás de aspectos como la distribución o la ejecución de los tests, y solo necesitarás escribir código y tests de calidad que Mobile Center ejecutará por ti de manera automática.",Course,2020-10-29 13:45 UTC,N/A,false,N/A,
Microservices: Design Patterns,"<p>Design patterns save developers from needing to puzzle out solutions to problems that others in their industry have already encountered and solved. In this course, get up to speed with over a variety of different design patterns that you can leverage when building and operating microservices, as well as the common problems they can help you remedy. Instructor Frank Moley goes over decomposition, integration, data, and operational patterns, tying each pattern to the problem it solves. Learn about the API gateway pattern that can prevent chaos by providing a buffer between underlying services and client needs, the sidecar pattern that allows you to offload processing of some kind to a separate module, and much more.</p><p>This course is part of a <a href=""https://www.linkedin.com/learning/paths/microservices-foundations-professional-certificate-by-kong"" target=""_blank"">Professional Certificate</a> from Kong.</p>",Course,N/A,N/A,true,N/A,
Cómo eliminar las distracciones,"El mundo está repleto de distracciones. Con todas las notificaciones de los dispositivos sonando, es más difícil centrarnos en lo importante. Sin embargo, la concentración es fundamental para completar nuestras tareas y avanzar. En este curso, Arianna Huffington te presenta a Nir Eyal, el autor de «Enganchado, cómo construir productos y servicios exitosos que formen hábitos», que te explica cómo mantener la concentración, una de las habilidades más importantes de este siglo. Nir te cuenta por qué la tecnología no es el único hábito que tienes que dominar, y cómo influyen en nuestra atención la cultura laboral, las normas sociales y el comportamiento de los demás. Descubre por qué debes conocer los estímulos externos y los impulsos internos para reaccionar mejor, y algunos trucos prácticos que te ayudarán a manejar las distracciones más frecuentes, como el correo electrónico, y a reducir interrupciones innecesarias.",Course,2022-04-23 12:12 UTC,N/A,false,N/A,
Learning Jenkins (2018),"Meet Jenkins, the open-source automation tool for software development and system administration. With Jenkins, you can automate build management, continuous integration and deployment, testing, resource management, monitoring and reporting, and much more. This introduction helps you use Jenkins to release and deploy software more quickly and reliably. <br><br>

First, learn how to set up Jenkins on Mac, Windows, Linux, or inside a Docker container, and find out how Jenkins plugins are used to extend its functionality. Next, configure your first job step by step, leading up to the requisite ""Hello, World"" output, and learn to make your jobs more useful and portable with parameters. Then explore job scheduling, and Jenkins's convenient aliases for running jobs at regular intervals. The course wraps up with tips for organizing jobs in folders and views and a brief look into pipelines as code-which enable you to execute a series of jobs in stages.<br><br>

By the end of the training, you should be able to install Jenkins locally or on a virtual machine, create a Jenkins jobs that can be triggered manually or on a schedule, and install and configure plugins to extend the Jenkins framework.",Course,N/A,N/A,true,N/A,
AWS Certified Solutions Architect - Associate (SAA-C03) Cert Prep: 6 Auto Scaling and Virtual Network Services,"<p>In this course, explore the AWS auto scaling solutions and virtual network services. Instructor Tom Carpenter starts with an overview of auto scaling, then explores load balancer concepts and Elastic Load Balancing. Tom then moves into virtual network services, including DNA, Route 53, and flow logs. This course provides foundational instruction for anyone beginning their journey as an AWS architect, and also provides essential instruction for anyone preparing for the AWS Solutions Architect – Associate exam.</p><p>This Total Seminars course covers the exam certification topics. For information on additional study resources—including practice tests, lab simulations, books, and discounted exam vouchers—visit <a href=""https://www.totalsem.com/linkedin/"" target=""_blank"">totalsem.com/linkedin</a>. LinkedIn Learning members receive special pricing.</p><p>This course was created by Total Seminars. We are pleased to offer this training in our library.</p>",Course,2025-01-28 21:14 UTC,N/A,false,N/A,
Design Thinking: Inteligencia de datos,"Descubre cómo la inteligencia de datos, dentro del marco de la metodología design thinking, puede ayudar a que tus proyectos basados en recopilar y analizar gran cantidad de datos tengan más valor para tu empresa y tus clientes, ahorrando tiempo y dinero en su ejecución. Entiende por qué esta metodología de trabajo estimula el proceso creativo, el pensamiento lateral, el trabajo colaborativo y la resolución creativa de problemas, y cómo y por qué es el futuro de la producción y el análisis de datos. Finalmente, aprende a aplicarlo con éxito, paso a paso y de forma práctica, para que sea eficaz según tus propias necesidades.",Course,2022-05-31 15:02 UTC,N/A,false,N/A,
Scrum esencial ,"Aprende las bases y principios para el uso de Scrum en la gestión de proyectos con este curso cargado de información sobre los fundamentos de este marco de trabajo, sus conceptos básicos y roles, así como las herramientas que necesitarás para su implementación tanto individualmente como en equipos ágiles. Scrum mejorará la forma en la que trabajas en equipo y finalizas proyectos, y estás a un paso de esta revolución productiva.",Course,2025-02-11 23:04 UTC,2025-02-11 23:01 UTC,false,N/A,
Advanced Selenium: 3 Synchronization Strategies,"One of the most common issues associated with automating GUI applications is flakiness: when sometimes a test works, but sometimes it fails—even though neither the application nor the test changed. One of the most common causes of intermittent execution is a failure to synchronize effectively. In this course, learn how to avoid flaky tests by effectively synchronizing your test code with the application state using Selenium WebDriver. Instructor Alan Richardson shares fixes to common problems and discusses the range of solutions available to help make WebDriver test automation robust and reliable. Discover how to use built-in WebDriver classes such as WebDriverWait, as well as external libraries like Awaitility. Plus, learn how to use JavascriptExecutor to run JavaScript as part of your WebDriver code; this can help you create workarounds and synchronize against internal application state.",Course,2021-05-03 17:34 UTC,N/A,false,N/A,
Azure AZ-900 Prep. Cert.: Microsoft Azure Fundamentals,"Aprende los conceptos fundamentales del servicio en la nube de Microsoft, Microsoft Azure, su teoría relacionada y sus modelos de cómputo, mientras te preparas para el examen de certificación AZ-900 ""Microsoft Azure Fundamentals"". El contenido de este curso representa una guía de estudio completa y está basado en la guía de estudio oficial publicada por Microsoft, para que puedas practicar de la manera más próxima posible a la prueba real y garantizar así que la superes con éxito.",Course,2021-05-16 13:38 UTC,N/A,false,N/A,
ASP.NET Core in .NET 6: Dependency Injection,"If you’re a .NET developer or looking to enter the field, it’s essential to have a working understanding of dependency injection, a software development design pattern that allows for having objects that are not dependent on each other. In this course, .NET C# programmer David Grace provides an introduction to dependency injection, from configuration to implementation. He also talks through the advantages of DI and why you should use it. David shows how to implement dependency injection into a real-life example using an ASP.NET Core app, and details the use methods within it. He also looks at the common errors when using dependency injection and how to resolve them.",Course,2026-01-20 20:38 UTC,2026-01-19 20:03 UTC,false,N/A,
DevOps con un café,"Entiende qué es y cómo funciona DevOps, un acrónimo inglés de ""development"" (desarrollo) y ""operations"" (operaciones). Conoce en solo cuatro vídeos esta metodología de desarrollo de software que se centra en la comunicación, colaboración e integración entre los desarrolladores de software y los profesionales de sistemas de tecnologías de la información.

Estos cuatro vídeos corresponden a los cursos:<br><br>

<li><a href=""https://www.linkedin.com/learning/devops-esencial"" target=""_blank"">DevOps esencial</a></li><br>
<li><a href=""https://www.linkedin.com/learning/azure-devops-y-vsts-esencial"" target=""_blank"">Azure: DevOps y VSTS esencial</a></li>",Course,2021-07-05 17:07 UTC,N/A,false,N/A,
Trucos creativos para líderes,"Este curso contiene pequeñas dosis de ideas y herramientas para estimular tu creatividad, mantener tus conexiones neuronales bien afinadas, y crear hábitos creativos que puedas utilizar de manera personal en tu día a día y compartir con tu equipo de trabajo. Todos los ejercicios son totalmente prácticos, y puedes ajustarlos sin problema a tus necesidades y proyectos. Prepárate para jugar con papel y hacer garabatos como cuando eras pequeño y lo único que necesitabas era un pequeño estímulo para darle rienda suelta a tu creatividad.",Course,2021-04-05 12:46 UTC,N/A,false,N/A,
Excel Online esencial (Office/Microsoft 365),"Si ya utilizas Excel de escritorio pero necesitas utilizar Excel Online para añadir un plus de movilidad y colaboración a tus tareas, este curso es para ti. Aprenderás cómo funciona la versión online de Excel y a utilizarla con soltura y confianza desde cualquier dispositivo con conexión a Internet. También verás, paso a paso y con ejemplos, cómo se realiza un trabajo colaborativo, en coautoría, y las opciones de comunicación con comentarios para hacerlo cómodamente. Así mismo, comprenderás cómo se integra esta herramienta, con sus distintas versiones gratuitas, online y de pago, y con las demás soluciones de Office 365/Microsoft 365.",Course,2021-08-10 03:06 UTC,N/A,false,N/A,
Test Automation with Selenium WebDriver for Java,"<p>Selenium WebDriver is a trusted, open-source tool that's great for anyone looking to automate web applications. In this course, learn from certified Java developer Angie Jones to master Selenium WebDriver for efficient web testing. Angie guides you through locating and interacting with web elements, managing element states, and implementing effective wait strategies. Also, dive into browser interactions, use of Actions APIs, and the Page Object Model for creating maintainable test frameworks. With hands-on challenges in each chapter, this course ensures you gain practical experience and confidence in automating web tests.</p>
<p>This course is integrated with GitHub Codespaces, an instant cloud developer environment that offers all the functionality of your favorite IDE without the need for any local machine setup. With GitHub Codespaces, you can get hands-on practice from any machine, at any time—all while using a tool that you’ll likely encounter in the workplace. Check out the “Using GitHub Codespaces” video to learn how to get started.</p>",Course,2026-05-20 16:01 UTC,N/A,false,N/A,
Windows 10 Anniversary Update,"Con este curso queremos acercarte a la importante actualización que ha experimentado Windows 10 en la Anniversary Update. Se trata de un paso de gigante que Microsoft ha querido dar para ser más competitivo, si cabe, en cuanto a su sistema operativo. Hay múltiples cambios y avances, pero los apartados que más novedades ofrecen son el navegador Edge y la utilización de lápices digitales en aplicaciones de dibujo a mano alzada. Además, encontraremos nuevas características en Cortana, Windows Defender y Menú Inicio, así como muchas nuevas posibilidades de configuración referidas a aspectos visuales y de facilidad de uso.",Course,2019-04-17 10:36 UTC,N/A,false,N/A,
Software Architecture: Patterns for Developers (2020),"As a developer, you're ultimately building software to solve problems for your users. But a successful application also needs to be easy for you and other developers to work with. Enter software architecture patterns. These trusted solutions allow you to translate complex architectural problems to recognizable patterns. In this course, instructor Peter Morlion covers a variety of software architecture patterns, showing you how to apply the correct architecture to new systems and recognize patterns in existing systems. Peter goes over application landscape patterns such as microservices. He also covers application structure patterns like event sourcing, as well as UI patterns like model-view-controller (MVC). Along the way, he shares pros and cons that help you determine which patterns to use.",Course,2021-05-12 12:39 UTC,N/A,false,N/A,
Learning npm: A Package Manager,"<p>npm is an indispensable part of every developer's toolbox. It's the package manager for JavaScript and JavaScript frameworks such as Node.js, enabling developers to easily share and re-use code. In this course, Emmanuel Henri teaches developers how to work with npm commands to install and manage project dependencies. He starts with showing how to install npm, and details all the basic tools you can use with npm, such as adding, updating, or removing a package. Emmanuel then shows you how to take your skills to the next level, taking a dive deep into advanced features like npm cache, audits, scripting, and more.</p>
<p>This course is integrated with GitHub Codespaces, an instant cloud developer environment that offers all the functionality of your favorite IDE without the need for any local machine setup. With GitHub Codespaces, you can get hands-on practice from any machine, at any time—all while using a tool that you’ll likely encounter in the workplace. Check out the “Using GitHub Codespaces with this course” video to learn how to get started.</p>",Course,2024-07-29 00:54 UTC,N/A,false,N/A,
Azure AZ-304 Prep. Cert.: Microsoft Azure Architect Design,"Prepárate para superar con todas las garantías de éxito el examen para la certificación Microsoft Certified: Azure Solutions Architect Expert. Este contenido formativo de LinkedIn Learning te ayudará a repasar en profundidad cada tema incluido en la guía oficial del examen AZ-304. Aprenderás todo lo necesario sobre diseño de soluciones para la nube con Microsoft Azure, especialmente lo que se preguntará en el examen. ¡Empecemos cuanto antes tu camino a obtener esta importante certificación profesional!",Course,2021-11-25 00:19 UTC,N/A,false,N/A,
Azure: Fundamentos de seguridad,"Descubre los conceptos y servicios más importantes relacionados con la gestión de seguridad de Azure. Durante este contenido formativo, empezarás recibiendo una introducción acerca de la seguridad en Azure y sus conceptos más destacados. Posteriormente, aprenderás sobre la gestión de identidades, los conceptos de seguridad en grupos semánticos bien definidos como redes, cómputos, almacenamiento o bases de datos y, por último, repasarás las herramientas de operaciones de seguridad que debes dominar.",Course,2022-04-01 15:20 UTC,N/A,false,N/A,
Building Web APIs with ASP.NET Core 8,"Modern web applications provide much of their functionality in an API. In this course, Christian Wenz—a web pioneer, technology specialist, and entrepreneur—shows you how to design and implement such an API using ASP.NET Core 8. Get started with minimal APIs and the basics of HTTP, REST, and API design. Learn how to retrieve and write data, and practice what you learn with hands-on challenges.",Course,2026-02-19 20:24 UTC,2026-02-19 20:21 UTC,false,N/A,
Be the Manager People Won't Leave (2024),"<div><a href=""https://www.linkedin.com/newsletters/6457790820677410816?trk=lil-course-description"" target=""_blank"" class=""artdeco-button artdeco-button--1"">View Laurie's LinkedIn Newsletter</a></div><p>With the ""Great Reshuffle,"" employees are quitting their jobs at the highest rates in over 20 years, and 41% of the global workforce is considering leaving their jobs. Manager relationships are becoming the make-or-break point for whether employees stay or go. Join veteran HR leader Laurie Ruettimann as she reveals the data behind why it's more important than ever to be a manager who demonstrates empathy and inspires loyalty from the workforce. Laurie covers basics first: be someone people can trust, be an example of integrity, and be relentlessly inclusive. She steps you through ways to inspire your employees to grow. Laurie finishes up by showing you how you can help your team members love their work by being a next-level mentor, a fun-loving boss, and a leader who is genuinely invested in your employees’ well-being.</p>",Course,2023-10-05 21:25 UTC,N/A,false,N/A,
Managing Jira Projects: 3 Helpful Concepts and Features,"How does Jira automation work, and what other concepts, features, and configurations can you employ to use Jira more effectively? In this course—the third in the <i>Managing Jira Projects</i> series—discover the core elements of Jira automation and automate some of the work in your Jira project. Learn how to alter your kanban board. Then explore other concepts and features like shared configuration, running parallel sprints, and facilitating agile at scale. Find out how to create and configure next-gen projects, including controlling access, adding issues, and customizing project features.<br><br>Note: This course can help prepare you for the <i>Managing Jira Cloud Projects</i> certification exam. To learn more about how to earn your first Atlassian credential, click <a href=""https://university.atlassian.com/student/page/840992-acp-620-managing-jira-cloud-projects-certification?utm_source=linkedin-learning&utm_medium=comarketing&utm_campaign=P:uni-training*O:university*C:bio*I:linkedin-learning*"" target=""_blank"">here</a>. To check out other Atlassian University courses about Jira workflows, reporting, automation, and more, click <a href=""https://university.atlassian.com/student/catalog/list?category_ids=21560-jira-software?utm_source=linkedin-learning&utm_medium=comarketing&utm_campaign=P:uni-training*O:university*C:bio*I:linkedin-learning*"" target=""_blank"">here</a>.",Course,2024-03-23 11:39 UTC,N/A,false,N/A,
Developing Secure Software,"<p>Software developers know how essential secure coding practices are. Luckily, with today's tools, secure code doesn't take a lot of time or effort. There are security frameworks for developers to use. Static and dynamic code analysis tools to test code are available, as well as security patterns that can be implemented at the design level.</p>

<p>In this course, Jungwoo Ryoo, who teaches IT, cyber security, and risk analysis at Penn State, introduces secure software development tools and frameworks and teaches secure coding practices like input validation, separation of concerns, and single access point. Learn how to recognize different kinds of security threats and fortify your code. Find out how to put a system in place to test your software for vulnerabilities. Plus, explore new trends in software security and reinforce what you’ve learned with demos and case studies.</p>",Course,2024-11-06 12:35 UTC,N/A,false,N/A,
C#: Programación orientada a objetos,"La programación orientada a objetos es el paradigma utilizado en el desarrollo de software que permite crear y mantener sistemas robustos como los videojuegos, sistemas operativos, plataformas de comercio y cualquier software de tamaño mediano a grande. En este curso aprenderás los conceptos principales necesarios para desarrollar sistemas con C# basados en este paradigma. Conocerás a fondo y con lujo de detalle los conceptos que marcan la diferencia en el desarrollo de un sistema y llevarás la teoría de la programación orientada a objetos a la práctica.",Course,2026-01-29 19:10 UTC,2026-01-29 14:31 UTC,false,N/A,
.NET esencial (2019),"Conoce las características fundamentales de .NET. Aprende los conceptos esenciales que hacen del framework .NET una plataforma de desarrollo estratégica y por qué permite un rápido desarrollo de aplicaciones. Entiende sus componentes, conoce sus herramientas y funcionalidades, y descubre su historia y su futuro inmediato.",Course,2022-01-04 13:29 UTC,N/A,false,N/A,
GitHub para programadores,"Los equipos de desarrollo modernos necesitan que muchas personas trabajen sobre un mismo código sin generar errores o conflictos. Sin embargo, sin las herramientas adecuadas, esta tarea puede ser casi imposible. Afortunadamente tenemos GitHub, un servicio de control de versiones online que te permite almacenar, gestionar y distribuir tu código. En este curso aprenderás los conceptos básicos del control de versiones Git, los servicios que ofrece GitHub, como crear, gestionar y examinar nuestros repositorios online. Descubrirás diversas formas de utilizar el servicio de GitHub y exploraremos las funciones más comunes de este servicio. Al finalizar este curso estarás a punto para trabajar tu código fuente en equipo con seguridad y la tranquilidad de tener siempre un respaldo en la nube.",Course,2021-07-02 13:06 UTC,N/A,false,N/A,
JavaScript: TDD y pruebas unitarias esencial,"Descubre los tests de código y cómo mejoran la calidad del mismo. A lo largo de este contenido entenderás por qué son necesarios, cómo se implementan y cómo se programan y e integran en el flujo de trabajo de desarrollo con Java. Explorarás diferentes librerías para test de diferentes tipos, cómo se haría la integración de esos tests en el flujo de trabajo e incluso cómo integrarlos en algunos frameworks. No te lo pienses más y exprime todo el potencial de los TDD y pruebas unitarias con este curso.",Course,2021-07-18 14:09 UTC,N/A,false,N/A,
Angular avanzado: Trabajo con API,"Comprende cómo funciona una API (interfaz de programación de aplicaciones) y cómo controlarla desde Angular, uno de los framework JavaScript más utilizados y respetados del mundo. Aprende en este curso usando una aplicación real que puedes utilizar como base para tus proyectos personales utilizando Angular, famoso en gran parte debido a su facilidad de integración con APIs.",Course,2021-12-06 23:35 UTC,N/A,true,N/A,
Cómo aumentar la resiliencia (2016),"¿Tienes problemas para arreglártelas cuando las cosas se ponen difíciles? Todos queremos dar lo mejor de nosotros mismos cuando nos sentimos presionados, pero, en épocas de estrés o adversidad, muchos de nosotros nos rendimos. Si puedes desarrollar tu resiliencia, te será más fácil enfrentarte a nuevos problemas y adquirir una capacidad muy valiosa que ofrecerles a tus empleados. En este curso, la profesora y asesora de comunicación de la Escuela de Negocios Kelley Tatiana Kolovou te explica cómo volver a encarrilarte después de situaciones difíciles gracias al desarrollo de tu «umbral de resistencia», te describirá cinco técnicas de aprendizaje para prepararte para situaciones difíciles y cinco estrategias para que reflexiones sobre ellas. Descubre cuál es tu escala de resiliencia, identifica hasta qué punto quieres llegar y aprende las estrategias necesarias para cubrir ese espacio.",Course,2020-05-18 01:01 UTC,N/A,false,N/A,
Expert Domain-Driven Design (DDD) Implementation in .NET,"This course is aimed at .NET developers and architects interested in applying domain-driven design (DDD) in their projects. Instructor Rodrigo Díaz Concha takes you through the steps for creating a solution for a fictional pet medicine company to show you practical techniques to implement DDD using .NET and C#. Learn about using entities, value objects, aggregates, domain events, and more. This course is ideal for those looking to integrate DDD strategies and tools into their development solutions, as well as for software architects and .NET project stakeholders who want to understand how to implement DDD in their current or future initiatives.",Course,2026-01-28 10:34 UTC,N/A,false,N/A,
Project: Gestión de proyectos ágiles (2019),"En este curso, estudiaremos las características ágiles integradas en Project Online Profesional. Si tus proyectos a menudo acaban siendo una combinación entre una parte ágil y otra en cascada tradicional, puedes aplicar técnicas ágiles con Microsoft Project, e incluso administrar las tareas programadas de manera tradicional y el trabajo ágil en paralelo dentro del mismo archivo de proyecto. Vamos a ver dos enfoques ágiles típicos: Scrum y Kanban. La transformación digital está revolucionando el panorama empresarial y la incorporación de las metodologías ágiles en nuestros proyectos es tan necesaria como beneficiosa. Planifica, rastrea y administra tus proyectos ágiles con Microsoft Project.",Course,2023-09-04 23:16 UTC,2021-04-18 15:33 UTC,false,N/A,
Soporte IT: Trucos,"Estos trucos e ideas te facilitarán las tareas de administración en entornos Microsoft. Profundizaremos en el increíble mundo de PowerShell, veremos cómo resolver problemas en Active Directory, delegaremos permisos correctamente, protegeremos las cuentas iniciales de dominio, limpiaremos los clientes de archivos innecesarios y protegeremos de ataques de ransomware nuestras carpetas más importantes.Haz que el día a día de la administración de sistemas sea mucho más simple. Dedica tus esfuerzos a modernizar la infraestructura en lugar de repetir tareas tediosas y con poco valor añadido.",Course,2021-09-09 18:17 UTC,N/A,false,N/A,
Mejora tu competencia en conflictos,"Mejora tu competencia en la resolución de los conflictos que te vas a encontrar en tu día a día. Aprende cómo comportarte con compañeros y compañeras o superiores tóxicos, cómo confrontar los grandes egos, la competitividad o la desmotivación, y qué herramientas te serán útiles para lograrlo. Conoce también cómo transformar los conflictos fruto de la diversidad en la mayor de las fortalezas.",Course,2020-09-28 01:20 UTC,N/A,false,N/A,
Unboxing AI: Visual Studio Code and GitHub Copilot Deep Dive,"VS Code has evolved into a rich “AI workbench,” where GitHub Copilot can do far more than autocomplete. In this course, LinkedIn Learning Principal Instructor Morten Rand-Hendriksen guides you through the most useful (and often overlooked) Copilot integrations inside VS Code—how to shape Copilot behavior with agent instructions and custom instructions, how to use slash commands and promptable actions for common dev tasks, and how to extend Copilot with tools via Model Context Protocol (MCP) servers. You’ll also explore building and using custom agents and skills/scripts/templates to create repeatable, team-friendly workflows—so Copilot becomes a dependable collaborator, not just a chat box.",Course,2026-05-15 20:53 UTC,N/A,false,N/A,
ASP.NET Core: Exception Handling,"When things go bad, good programmers are ready. Exception handling allows you to ensure your applications respond to errors with grace. With the right exception handling, your user’s experience will never be disrupted. This course teaches the basics of handling exceptions in the ASP.NET Core framework. Instructor Ervis Trupja starts with an overview of exception handling and then works through the various techniques to catch exceptions in ASP.NET. Learn how to use try-catch-finally to identify and handle errors, using both built-in and custom exception types. Then discover how to handle errors more efficiently with global handlers, and add exception filters to your .NET Core applications to apply global policies to unhandled exceptions.",Course,2025-06-03 13:04 UTC,N/A,false,N/A,
Cómo tener conversaciones difíciles,"Este curso está diseñado para todas aquellas personas que creen que pueden llegar a ser mejores conversadores cuando su contenido no es el más agradable. A muchos de nosotros nos toca lidiar con más cotidianidad de la que nos gustaría, con la responsabilidad de tener que comunicar situaciones o información poco agradable. Aquí, intentaremos hacer un recorrido por aquellos conocimientos que nos pueden aportar método y seguridad a la hora de afrontar este tipo de circunstancias. A pesar de que nunca nos resultarán fáciles, el conocimiento nos puede aportar claves importantes para poder sobrellevar mejor nuestra responsabilidad.",Course,2020-12-19 19:24 UTC,N/A,false,N/A,
"Learning ASP.NET Core: MVC, Razor Pages, Web APIs & Other Foundations","This course focuses on the fundamentals of the ASP.NET Core framework and how to use it to create a variety of web applications. Software developer and trainer Brice Wilson teaches beginning ASP.NET Core developers how to use techniques that apply to several different types of applications, including how to configure dependency injection and middleware. By the end of the course, you'll understand the breadth of ASP.NET Core and have the skills necessary to begin using it to create your own production web applications.",Course,2026-03-17 13:24 UTC,2026-03-17 13:22 UTC,false,N/A,
Claude Code: Designing Multi-Model AI Systems,"<p>Use multi-modal AI systems with Claude Code to transform the way you approach AI developments. Dr. Isil Berkun, AI educator and founder of DigiFab.AI, shows you how to implement effective routing, fallback, and guardrail strategies. Explore ways to optimize decision quality, job robustness, and safety through a comprehensive evaluation pipeline that examines latency, cost, and routing outcomes. Build the practical skills you need to create resilient and maintainable AI systems, through hands-on exercises. Perfect for applied ML engineers, AI-focused individual contributors, and technical leaders, this course offers insights on mapping tasks to proper models and efficiently operating AI systems with human-in-the-loop reviews and incident response. By the course's end, you'll have completed a Claude Code project showcasing a scalable, production-ready AI system. </p>",Course,2026-06-19 12:33 UTC,N/A,false,N/A,
Cómo gestionar el enfado en la clientela,"Domina el arte de trabajar con clientes enfadados, probablemente el aspecto más difícil de un servicio de cara al público. Independientemente de la posición, existen técnicas probadas que se pueden utilizar en las situaciones más delicadas para lograr la satisfacción final del consumidor. Conoce las técnicas clave, perfeccionadas por las compañías más grandes del mundo para atender exitosamente a clientes descontentos, disgustados o molestos, restableciendo así las relaciones y siendo capaz de prevenir conflictos en el futuro.",Course,2020-12-09 13:15 UTC,N/A,false,N/A,
.NET: Programación segura,"Este curso es esencial para desarrolladores profesionales y aficionados que deseen crear aplicaciones seguras con .NET y C#. Aprenderás los principios y pautas fundamentales para proteger tus aplicaciones contra amenazas informáticas y ciberataques. Desde entender la importancia de la ciberseguridad hasta dominar los principios de codificación segura y aplicar las directrices de OWASP para construir aplicaciones web seguras con .NET, este curso te proporcionará las habilidades necesarias para garantizar la seguridad de tus proyectos de desarrollo. Protege tus aplicaciones y datos con conocimientos sólidos en programación segura.",Course,2026-01-06 19:53 UTC,2026-01-06 19:44 UTC,false,N/A,
Fundamentos de la programación: API y servicios web,"Este contenido formativo te ayudará a conocer los microservicios, servicios web y tipos de API, así como mantener su seguridad e integridad durante todas las fases del desarrollo. Todo sin conocimientos previos, porque se explicará paso a paso y desde cero. Aprenderás los conceptos principales de la comunicación entre elementos de una red, los diferentes protocolos de Internet, tipos de API y servicios web que existen, además de sus correspondientes consideraciones. Al terminar, entenderás cómo funciona la arquitectura orientada a servicios y podrás dar tus primeros pasos en la implementación de diferentes API y servicios web en tu propia infraestructura.",Course,2021-06-01 14:46 UTC,N/A,false,N/A,
How to Design and Deliver Training Programs,"An effective training program helps to accelerate an employee's professional development and prepares them to excel in their role. In this course, corporate training expert Jeff Toister explains how to design and deliver training programs that engage learners and help them quickly develop new skills. Jeff walks through the ADDIE model of instructional design as it applies to corporate learning, exploring each step—from conducting needs analysis all the way through delivering face-to-face training. He also provides tips for presenting with confidence and clarity, facilitating discussions, adapting your programs to webinar delivery, and more.",Course,2025-03-07 14:02 UTC,N/A,false,N/A,
Microsoft Teams: Trucos,"Conoce el verdadero potencial de Microsoft Teams, el área de trabajo en equipo parte del paquete de Microsoft 365 (antes denominado Office 365 pero recientemente renombrado por Microsoft contando con las mismas funcionalidades), gracias a este curso de trucos y estrategias rápidas. Comunica, organiza y aumenta exponencialmente tu productividad y tu capacidad de acción en el trabajo colaborativo diario desde hoy mismo. ¡No te lo pierdas!",Course,N/A,N/A,true,N/A,
Fundamentos de la gestión de proyectos: Calidad (2017),"Para producir los resultados que satisfacen las necesidades de las partes involucradas en tu proyecto, incorpora a tu planificación los cuatro indicadores principales de la gestión: la función, los resultados, el rendimiento y la fiabilidad.
En este curso, el escritor y PMP certificado Bob McGannon te acompaña por todas las cuestiones necesarias para que la calidad de tu proyecto sea óptima. Aprende a planificar la calidad y a realizar pruebas, y conoce las necesidades especiales de los proyectos de TI.
</p><p>Este curso es parte de un <a href=""https://www.linkedin.com/learning/paths/fundamentos-profesionales-de-gestion-de-proyectos-por-microsoft-y-linkedin"" target=""_blank"">certificado profesional de Microsoft.</a></p>",Course,2021-07-23 22:15 UTC,N/A,false,N/A,
Transición de gestión de proyectos en cascada a gestión de proyectos Agile,"Aprovecha las ventajas de tiempo, calidad y coste de la gestión ágil de proyectos con este curso. Durante el contenido entenderás la diferencia entre las metodologías tradicionales de cascada y las ágiles, así como lo que se necesita para una transición exitosa entre ambas. También darás un repaso por las generalidades de la gestión de proyectos a cascada y ágiles, los diferentes frameworks con los que se trabaja, consideraciones sobre el equipo, los procesos y las condiciones para llevar a cabo tus proyectos, así como consejos para conseguir apoyo para un proyecto piloto. También darás unas nociones básicas sobre cómo seleccionar el proyecto piloto, equipo adecuado y establecer tu visión.",Course,2021-10-04 12:45 UTC,N/A,true,N/A,
"Advanced Playwright Techniques: Optimizing Speed, Stability, and Cloud Testing","This course dives deep into advanced Playwright testing strategies, and is designed to help experienced testers and developers optimize their test suites for speed, stability, and scalability. Learn how to streamline your tests, diagnose and fix bottlenecks, and apply resilient practices that make your testing robust against flakiness. Additionally, explore the power of visual testing using screenshots and snapshots, ensuring UI consistency with minimal resource usage. Finally, instructor Qambar Raza guides you through configuring and running tests on Microsoft Playwright Testing service, enabling you to scale tests effortlessly in the cloud. By the end, you’ll have a high-performing Playwright testing suite ready for modern application needs.",Course,2025-10-23 03:57 UTC,2025-10-23 03:52 UTC,true,N/A,
NIST 800-53r5: Introduction to Security and Privacy Controls,"<p>NIST SP 800-53 Rev. 5 provides guidance on establishing collaboration between security and privacy programs for selecting and implementing controls. In this course, designed by industry-leading cybersecurity professional development platform Cybrary,  explore the essentials of the security and privacy controls covered in NIST 800-53 Rev. 5, including how to work control families, the anatomy of a control, control selection, control types, organizational variables, system security planning, and control assessment.</p><p>Note: This course was created by Cybrary. We are pleased to host this training in our library.</p>",Course,2026-07-08 14:06 UTC,N/A,false,N/A,
Introducción a AWS: Conceptos de la nube,"Amazon Web Services (AWS) y la computación en la nube en general pueden resultar complicados de descifrar para la gente sin bagaje técnico. Este curso introductorio es un puente entre los no ingenieros y la nube. Es el primer curso de una serie de cuatro partes creada para ayudar a que los profesionales no técnicos, como el equipo de finanzas, los responsables de proyecto y los empleados de marketing aprovechen AWS al máximo. La formadora Hiroko Nishimura, fundadora de AWS Newbies, hace un repaso breve a la historia de la computación en la nube y te explica los modelos de implementación en la nube, así como los principios de diseño. Además, te muestra cómo crear una cuenta y empezar a utilizar el plan gratuito de AWS, para que te familiarices con sus productos y servicios. Si estás preparando el examen de certificación AWS Cloud Practitioner, aquí también encontrarás trucos y recursos de aprendizaje.

Nota: este curso abarca la primera parte del examen de certificación AWS Cloud Practitioner. Para prepararte para el examen, haz los cuatro cursos de Introducción a AWS para no ingenieros.",Course,2023-04-10 17:45 UTC,N/A,false,N/A,
Software Testing Foundations: Integrating AI into the Quality Process,"In this course, instructor Mike Fine highlights the potential of integrating AI into quality testing, all the while ensuring a human-centered approach to product evaluation. Get an introduction to the prerequisites for leveraging AI in testing, the potential pitfalls and the importance of maintaining a balance between AI capabilities and the indispensable human factor, and how to get started creating test plans and strategies using AI as a foundational tool. Along the way, Mike shows you how to prepare for manual and automated testing enhanced by AI optimizations, as well as how to master the art of executing test cases, suites, and management leveraging AI-powered tools. By the end of this course, you’ll also be prepared to explore AI to manage testing data and balance AI tools. Ideal for quality assurance professionals, software testers, and anyone looking to harness AI to improve product quality, this course is designed to help you keep your skills at the forefront of technological advancements.",Course,2026-03-06 21:32 UTC,2026-03-06 21:30 UTC,false,N/A,
Cómo convertirse en un aliado femenino en el trabajo,"Pon tu grano de arena en cuanto a diversidad e inclusión, convirtiéndote en un aliado femenino en el trabajo. Entiende por qué es necesario generar más aliados femeninos y descubre cuáles son las estrategias clave para el empoderamiento de la mujer en la empresa. Colabora, desde tu posición de liderazgo, con la concesión de las dinámicas necesarias para apoyar el crecimiento y desarrollo de las féminas y alcanzar así la igualdad de género en los niveles donde aún hay una inaceptable brecha de género.",Course,2021-11-05 13:47 UTC,N/A,false,N/A,
Kubernetes para administradores IT esencial,"Aprende a administrar los contenedores Kubernetes, cuál es su rol en tu infraestructura IT, cómo se comportan y cómo desplegar las aplicaciones. Conoce los diferentes módulos que componen Kubernetes, cuál es su relación con servicios como Google Kubernetes Engine o Azure Kubernetes Service. Obtén todos los conceptos generales necesarios para trabajar con un cluster Kubernetes, despliega los tuyos, gestiona las aplicaciones y trabajos corriendo en él, monta volúmenes externos, lanza aplicaciones en alta disponibilidad, y crea servicios más avanzados utilizando la documentación de la que nos provee Kubernetes en su web.",Course,2021-09-03 11:15 UTC,N/A,false,N/A,
AWS Essential Training for Developers (2019),"Modern companies need developers who can accomplish business objectives with Amazon Web Services (AWS) without over-engineering in-house solutions. But with AWS now listing over a hundred different service offerings, getting a holistic sense of the platform can seem daunting. In this course, Jeremy “JV” Villeneuve breaks down key AWS services, giving developers a high-level look at the different ways they can host applications within AWS, as well as how to decide which services will fit their use case. He introduces you to cloud computing by tying the concepts to real-world hardware, such as hard drives and network switches. Get the information you need to match product names to what each service does (as well as to the corresponding architecture icons), so you can explore them further.",Course,2021-05-03 17:36 UTC,N/A,false,N/A,
DevOps esencial,"Familiarízate y aprende los conceptos de la filosofía de trabajo DevOps, de dónde proviene, qué nos ofrece para mejorar nuestros flujos de trabajo y cómo aplicarla a nuestros procesos. Conoce qué problemas arrastramos en nuestras metodologías de trabajo tradicionales en el entono de la consultoría informática, en qué consisten los procesos de mejora continua, y qué métodos, como la monitorización, el análisis de código, los tests automáticos, la programación por pares y más, podemos implantar en nuestra infraestructura para mejorar el flujo de trabajo y reducir nuestra problemática diaria.",Course,2021-04-04 16:56 UTC,N/A,false,N/A,
Arquitectura de software: De desarrollador a arquitecto o arquitecta,"La transición desde el desarrollo de software hacia la arquitectura de software no siempre es fácil u obvia, pero te resultará mucho más sencillo entender cómo y por qué dar el paso con los consejos clave de este curso. Aprenderás los conceptos básicos de la arquitectura de software, recibirás consejos para potenciar tus habilidades y experiencia en el ámbito del desarrollo y descubrirás técnicas infalibles para hacer, poco a poco, la transición hacia tu nuevo rol de arquitecto o arquitecta de software.",Course,2021-04-14 02:25 UTC,N/A,false,N/A,
Storytelling para el liderazgo,"En un mundo saturado de información y ruido, aquellos capaces de compartir historias disfrutarán de una ventaja competitiva considerable, puesto que nuestra biología nos predispone a prestar atención a la información en forma de historias y narrativas.
El objetivo de este curso es aprender a crear narrativas y contar historias que nos ayuden a explicar por qué hacemos lo que hacemos, cuál es nuestra visión como líderes y qué valores nos gustaría transmitir a nuestra organización.
Este curso es para todos: para profesores, jefes, mandos intermedios, emprendedores y para todo aquel que quiera pasar un buen rato descubriendo nuevas ideas y conocimientos. Hablaremos del origen de las historias, del descrédito que han ido sufriendo a lo largo de los últimos 2000 años como herramienta útil, veremos qué puede significar eso de «dirigir o liderar con historias» y por qué precisamente ahora parece que tiene más sentido que nunca. Te enseñaremos a prestar atención a tu audiencia para que a su vez te devuelva su atención, y practicaremos con historias que te ayudarán a difundir el mensaje que quieres trasladar como quieres trasladarlo.",Course,2021-06-04 18:06 UTC,N/A,false,N/A,
Cómo desarrollar la presencia ejecutiva,"Aprende a proyectar autoconfianza, claridad y credibilidad incluso en condiciones de estrés, presión e incertidumbre. En este curso, John Ullmen, profesor de la Escuela de Negocios Anderson de la Universidad de California, comparte los descubrimientos que hizo durante su investigación, y la metodología que sigue cuando asesora a sus clientes, directivos de todo el mundo, para que desarrollen presencia ejecutiva. John describe los cuatro factores clave que motivan la presencia ejecutiva y cómo hacer que funcionen. También explica la diferencia entre presencia ejecutiva «interna» y «externa» y cómo potenciar las dos para aumentar tu confianza y aplomo. Consíguelo sin tener que fingir o sentirte poco auténtico, y aprende a estar siempre presente.",Course,2021-10-14 11:06 UTC,N/A,false,N/A,
Kubernetes para desarrollo de aplicaciones esencial,"Aprende qué es y qué nos ofrece Kubernetes, cuál es su rol en nuestra infraestructura, cómo se comporta y cómo diseñar aplicaciones para su despliegue en un cluster. Conoce los módulos que componen Kubernetes, cuál es su relacion con servicios como Google Kubernetes Engine, cómo realizar una instalación de un cluster de prueba, cómo conectarnos, cómo lanzar aplicaciones en nuestro cluster, gestionarlas, escalarlas para soportar una mayor carga y, por supuesto, cómo borrarlas y cómo crear servicios que permitan el acceso externo a estas aplicaciones.",Course,2020-11-24 01:36 UTC,N/A,false,N/A,
Fundamentos de big data,"Hoy en día, es clave entender las bases del Big Data en nuestro mundo y nuestra realidad. Con este curso, te introducirás en el mundo del Big Data o Macro Datos, y sabrás cómo puede afectarte a ti y a tu empresa. Conocerás la evolución y los avances en Big Data de los últimos años y las diferentes aplicaciones que tiene, para obtener las herramientas necesarias que te permitan aplicarlo a tu organización, independientemente de su sector o tamaño. Conseguirás identificar las mejores formas de optimizar el Big Data adecuándolo a tus recursos o entendiendo qué recursos buscar al externo o desarrollar en tu equipo para poderlo implementar.",Course,2021-04-11 04:19 UTC,N/A,false,N/A,
Fundamentos del servicio de atención al cliente (2019),"¿Tus clientes se sienten valorados? Si es así, volverán a acudir a tu servicio. En caso contrario, tu negocio se resentirá. En este curso, el escritor y consultor de servicio de atención al cliente Jeff Toister te enseña las tres habilidades fundamentales para brindar un servicio al cliente excelente y aumentar la fidelidad de los clientes. Aprende a generar relaciones positivas, a ofrecer la asistencia adecuada en el momento apropiado y a lidiar con los clientes enojados. Jeff también te explica cómo descubrir qué piensan los clientes de tu servicio y cómo aplicar sus opiniones para mejorar.",Course,2021-10-07 16:48 UTC,N/A,false,N/A,
API Test Automation with SoapUI,"With industry trends like cloud computing and the Internet of Things, there is a growing need for testers that know and understand API testing tools. One powerful and mature tool used by companies around the world is SoapUI. This course is designed to help you get started with SoapUI and covers the basics of how to use it. Instructor Dave Westerveld explains how to set up your first project, create new tests, perform load and security testing, test SOAP APIs, and make your tests more automated and efficient with scripting. Plus, learn how to integrate SoapUI with Docker-based build pipelines. The training is filled with examples featuring real-world, public APIs so you can see how SoapUI functions in real testing scenarios.",Course,2026-05-11 20:12 UTC,N/A,false,N/A,
"Build a Lightweight Full-Stack Headless CMS Using Next.js, Contentful, and GraphQL","With the growing popularity and widespread use of headless architecture in web development, it is important for web developers to stay ahead of the industry curve. Headless architecture keeps the frontend lightweight and more optimized. In this course, software engineer and educator Dakota Fabro guides you through building for clients who prefer to use a CMS with their websites so that you can provide solutions that are lightweight and intuitive. Learn to use Next.js, Contentful, and GraphQL to create a site that uses headless architecture. Then complete a final project to help you practice what you’ve learned in the course. By the end of this course, you will be able to build and maintain headless web projects, and you’ll be able to apply the skills and knowledge acquired from this course in your current or aspirational role.",Course,2026-06-20 20:56 UTC,N/A,false,N/A,
Top 10 Rules for Highly Effective Leadership,"What essential behaviors do you need to understand in order to increase your leadership ability right now? In this course, author, educator, and coach Dr. Todd Dewett teaches you 10 truly essential leadership behaviors. He designed the content to help leaders at all levels and those who aspire to lead. Todd delivers practical advice by focusing on an interrelated set of issues well-known to be strong contributors to leadership success. He covers leading with positivity, being authentic and embracing your imperfections, choosing transparency, knowing how to pick your battles, what it means to be an example, how to lead with integrity, and much more. Todd offers practical instruction and includes many actionable steps you can implement immediately to take your leadership ability to the next level.  
 <br><br>
Note: This course was created by Todd Dewett. We are pleased to host this training in our library.",Course,2023-10-15 14:22 UTC,N/A,false,N/A,
Build with AI: Creating Apps with Cursor 2 Agents,"Cursor 2 brings a new era of AI-assisted development built for agentic workflows. Learn how to use Composer, Tab, leverage the fast, new Composer model, built-in browser and fire up multiple agents in parallel to simplify complex projects and work across multiple files at once. Through practical examples, you’ll master fast refactoring, smarter context use, and collaborative multi-agent coding that helps you ship with speed and precision.",Course,2026-07-01 19:41 UTC,N/A,false,N/A,
Técnicas de resolución de problemas,"A menos que conozcas la causa, no puedes resolver un problema, y a veces hay más de una. Aprende en este curso las técnicas para identificar la raíz de las dificultades, cómo identificar las opciones que tienes y seleccionar la mejor. Chris Croft te explica varios métodos para reconocer el motivo de un problema, por ejemplo analizar el panorama completo cuando el problema es un síntoma de otro más grande. También te cuenta cómo idear soluciones potenciales gracias a los mapas conceptuales y los árboles de decisión, cómo entrenar la creatividad para que encuentres opciones perspicaces y cómo aplicar la lógica y la intuición para elegir la mejor solución.",Course,2022-07-25 11:54 UTC,N/A,false,N/A,
25 GitHub Configuration Files You Should Be Using,"You may know GitHub, but how well do you really <em>know</em> GitHub? There are a lot of magic files in the GitHub ecosystem that need to have the right name and be stored in the right location to be used. The things they do are super useful, and everyone should know about them. Yet, most of GitHub’s 80 million users aren't aware of these powerful configuration files. In this course, Rob Bos details 25 hidden configuration files that can make your GitHub setup better and easier to maintain. Rob covers topics that range from the different README configurations, GitHub actions configuration, GitHub advanced security configurations, and more. He moves through each file, shows how to use them, and provides before and after files for each configuration so that you can follow along.",Course,2023-09-14 19:37 UTC,N/A,false,N/A,
Plantilla: Controla tus finanzas con esta hoja de Excel,"Alcanza un control total de tus finanzas, de forma muy práctica y sencilla, con esta hoja de Excel que puedes descargarte de manera gratuita. En este curso aprenderás a usar una plantilla de Excel previamente configurada para que logres, mes a mes, una visión real y exacta de cómo va tu negocio.",Course,2020-11-20 18:40 UTC,2020-11-20 18:47 UTC,false,N/A,
C# and .NET Essential Training,"Microsoft .NET is a modern, cross-platform framework for developing applications for the web, desktop, and mobile devices. This course gives an introduction to some of the features of .NET that makes building applications easier, more performant, and more productive. Veteran technologist Joe Marini demonstrates how to use built-in capabilities of .NET such as string processing, data collection types, number and date formatting, reading and writing files, and even working with regular expressions. Joe also introduces hands-on code challenges to help you practice what you learn. By using these built-in features, you can focus more on your core application logic and less on having to build common capabilities from scratch.",Course,2026-01-08 19:15 UTC,2026-01-08 19:14 UTC,false,N/A,
La importancia de las habilidades de vida o soft skills,"El objetivo de este curso es devolver a las personas el inmenso poder que hoy en día están utilizando las grandes corporaciones mediante los conceptos «misión», «visión» y «valores», y es que, aunque estas cualidades son explícitamente humanas, hemos renunciado a ellas sin darnos cuenta: ser perceptivo y carismático, estar motivado, ser atento e inspirador, tener paciencia, saber escuchar, tener compasión, ser tenaz y ser sensato. Ahora, las corporaciones las identifican como competencias fundamentales en cualquier puesto.",Course,2021-09-23 11:07 UTC,N/A,false,N/A,
C#: LINQ con C#,"En este contenido formativo aprenderás los fundamentos de LINQ para .NET, explorando paso a paso sus características y ventajas a través de ejercicios prácticos que te ayudarán a retener mejor la información. Al terminar el curso, habrás aprendido a filtrar, agrupar, seleccionar y hacer consultas de datos en general, de manera más fácil, eficiente y con un código más legible y mantenible. No te lo pienses más y empieza a optimizar tu código y mejorar la eficiencia de tus desarrollos utilizando LINQ.",Course,2021-11-16 15:19 UTC,N/A,false,N/A,
Agile Software Development: Clean Coding Practices,"As a writer of code, the complier isn't your only audience. Your coworkers—and even your future self, when you fix bugs—must be able to easily understand your original intent. In this course, learn why it's important to write code that's clean—or, easily understood by both computers and humans—and how to do it in practice. Instructor Scott Ford reviews how to ensure that different aspects of your code are clearly and thoughtfully constructed, including names, formatting, and logic. Plus, he explains what a ""clean"" unit test looks like, and how to ensure that your tests are fast and efficient.",Course,2021-05-03 17:33 UTC,N/A,false,N/A,
Aprende Jira,"Jira es una herramienta poderosa para gestionar el ciclo de vida de diversos elementos y tener un control sobre quién está a cargo de cada asignación. Se puede usar esta herramienta para gestionar proyectos de todo tipo, así como tener la posibilidad de capturar la información necesaria para documentar el proceso. Durante este contenido podrás comenzar a adquirir los conocimientos básicos de Jira usando como ejemplo la gestión de un centro de convenciones y eventos. Al terminar este curso, podrás comenzar a administrar tus iniciativas de forma efectiva sin importar el área de actuación.",Course,2023-04-04 13:31 UTC,N/A,false,N/A,
Learning Playwright,"It’s no surprise that Playwright has joined the ranks of other top-rated open-source automation tools. Playwright’s comprehensive feature set allows testers and developers to quickly create new test automation projects without having to combine multiple libraries and other tools. Whether you’re a manual tester, a quality assurance specialist, a software developer, or a seasoned automation engineer, this course offers hands-on, practical experience with using some of the most important features of Playwright. Join instructor Butch Mayhew as he takes you through the essentials and prepares you to start writing, running, analyzing, and debugging your first test.",Course,2025-10-20 22:09 UTC,2025-10-20 20:52 UTC,true,N/A,
Software Testing Foundations: Test Planning,"The moment a product is placed on the roadmap, test managers must begin to strategize, calculate, and prepare for testing. The scope and execution of these tests is often defined by the size and impact of a product release. Whether it's leveraging past product testing or moving into an entirely new product line, you have to plan ahead to ensure that you mitigate issues while delivering a thorough and thoughtful test. This course provides testers and QA leads with the foundational knowledge they need to launch a successful test of a new software application, regardless of scale. Instructor Mike Fine steps through the entire planning process, from evaluating a product, to authoring a plan, to preparing to deliver results.",Course,2026-05-07 16:08 UTC,N/A,false,N/A,
DevOps: Despliegue de microservicios con Docker,"Descubre por qué tu equipo de DevOps debe complementarse para abordar los despliegues con un enfoque de microservicios, apoyándose en la tecnología de contenedores Docker en hosts Windows. Durante este curso entenderás las ventajas de desplegar con esta herramienta, ya sea localmente o en la nube, aprenderás a llevar a cabo diferentes ejemplos de despliegue de servicios comunes y comprenderás cuáles son las prácticas que necesitas dominar para transicionar de una cultura de aplicaciones monolíticas, a un enfoque de microservicios.",Course,2021-07-19 23:42 UTC,N/A,false,N/A,
"Ataques, amenazas y vulnerabilidades de ciberseguridad (CompTIA Security+ SY0-601)","Amplía y expande tus conocimientos sobre las amenazas, ataques y vulnerabilidades que afectan la seguridad de los sistemas de información con este curso que te prepara para el examen de certificación de CompTIA Security+. Al terminar, sabrás evaluar y detectar los diferentes tipos de amenazas, ataques y vulnerabilidades que se presentan a diario, así como responder efectivamente ante ellos. Entiende qué es un malware, cómo se producen los ataques, quiénes son los actores de amenazas y cómo realizan los profesionales de la seguridad de la información las pruebas de penetración y evaluación de vulnerabilidades para mantener sus sistemas seguros.",Course,2022-04-26 18:53 UTC,N/A,false,N/A,
Tableau: Domina todos los gráficos,"Amplía y expande tus conocimientos de Tableau, un software de referencia en el análisis e inteligencia de negocios. Durante este contenido aprenderás todo lo que tiene para ofrecer esta herramienta a la hora de visualizar datos. Harás un recorrido en profundidad por los gráficos más conocidos y sus variantes para aprender a sacarles todo el partido. Descubrirás las infinitas posibilidades que ofrecen los gráficos menos comunes y serás capaz de elegir el gráfico que mejor representa la historia que quieres contar con tus datos.",Course,2021-10-05 14:07 UTC,N/A,false,N/A,
Data Integration and API Development for AI Applications,"<p>This course outlines the skills you need to successfully connect diverse data sources and build APIs that enable seamless interaction between AI models and applications. Join instructor Janani Ravi as she covers essential techniques for efficient data integration and API design, and shows you how to ensure robust communication in AI-driven systems. This course is an ideal fit for anyone working with AI, data infrastructure, and machine learning operations (MLOps), including data engineers, AI and ML engineers, and software developers.</p><p>This course was created by Loonycorn. We are pleased to host this content in our library.</p>",Course,2026-01-25 00:53 UTC,N/A,false,N/A,
How to Boost Your Productivity with AI Tools,"<p>Generative AI tools have made a big impact on business in a short period of time. Many people are using them to make their jobs easier and to help them produce even better work. But it can be hard to know where to begin. Join Dave Birss, innovator and AI expert, as he practically demonstrates how to collaborate with AI tools in the best way. He shares a framework to help you understand how you can incorporate AI into your everyday tasks, as well as a number of useful prompts that can streamline tasks and help you achieve even better results. By the end of this course, you’ll be prepared to utilize AI agents, conduct deep research in ChatGPT, leverage AI tools for spreadsheets and data analysis, work with multimodal AI, and more.</p><p>This course was created by Dave Birss. We are pleased to offer this training in our library.</p><p>This course is part of a <a href=""https://www.linkedin.com/learning/paths/becoming-a-manager-professional-certificate-by-linkedin-learning"">Professional Certificate</a> from LinkedIn Learning.</p>",Course,2025-12-02 03:01 UTC,N/A,false,N/A,
Cómo presentar en público con eficacia,"Saber exponer las ideas de forma clara y transmitirlas correctamente puede suponer en muchos casos un ascenso en la carrera o conseguir un nuevo cliente. En ese curso aprenderás la mejor manera de exponer un tema en público, desde grupos pequeños, a grandes audiencias. Conocerás la importancia de la preparación previa, qué se debe tener en cuenta de nuestra apariencia, el lenguaje no verbal, algunos consejos para dominar los nervios y cómo debemos exponer los temas para empatizar con nuestra audiencia.",Course,2021-04-07 00:20 UTC,N/A,false,N/A,
Create LinkedIn Posts that Stand Out with Jamé Jackson,"<p>Want to turn your LinkedIn presence into a magnet for new opportunities? It all starts with what you post.</p>

<p>Join LinkedIn’s Jamé Jackson as she shows you how to find your authentic voice, build confidence, and create content that works for you. From constructing a powerful hook to understanding the algorithm, Jame provides actionable insights tailored to your professional growth.</p> 

<p>Whether you're job searching, building a personal brand, or growing your network, this session equips you with easy-to-use content creation strategies that grab attention and prompt meaningful interactions every time you post.</p>

<p>This is a recording of a live event and features audience participation and an unscripted Q&A. Visit <a href=""http://linkedin.com/events"" target=""_blank""><b>linkedin.com/events</b></a> for more can’t-miss conversations featuring prominent leaders.</p>",Course,2026-07-04 17:59 UTC,N/A,false,N/A,
Recursos humanos: Contratación de perfiles de desarrollo,"Domina el arte de seleccionar talento en entornos tecnológicos. Conoce lo que hacen y las habilidades que deben tener los perfiles más demandados del sector, como desarrolladores de aplicaciones móviles o sitios web, «tech-leads», o ingenieros de big data e inteligencia artifical (IA). Entiende cómo estos profesionales contribuyen al avance tecnológico de la empresa y cómo debería ser el proceso de entrevistas que consiga atraerlos.",Course,2021-09-30 12:25 UTC,N/A,false,N/A,
Agile Project Management with Microsoft Project (2021),"Learn how to use Microsoft Project to manage agile and hybrid projects. Bonnie Biafore covers setting up agile projects for success, as well as creating custom fields to track elements unique to the agile project method, such as features and sprints. She also shows how to manage traditionally scheduled tasks and agile work side by side, track agile project progress, generate burndown reports, and determine your team's velocity. Plus, learn about the agile tools that are built into the Project Online desktop client.",Course,2024-04-02 14:48 UTC,N/A,false,N/A,
Introduction to Web APIs (2019),"The term ""API,"" much like “the cloud,"" is often thrown around in casual technical conversation. If you're familiar with the term—but a bit fuzzy on the specifics of how application programming interfaces (APIs) work—then this course is for you. In plain language, instructor Andrew Probert covers the essentials of this core piece of modern web development, explaining what APIs are and how to use them to quickly incorporate data into your websites. Throughout the course, Andrew focuses on consuming and getting data from APIs. He also goes over the basics of associated technologies and skills, such as JSON and object-oriented programming, and shows how to handle errors you might encounter when trying to get data from an API.",Course,2021-05-03 17:35 UTC,N/A,false,N/A,
Desarrollo Android esencial,"Si eres desarrollador Android pero siempre has trabajado en Java, o si tienes ganas de aprender cómo desarrollar aplicaciones y tienes conocimientos previos de programación, este es tu curso. Empezaremos desde las bases de Kotlin, trabajando todos los conceptos con una aplicación real, e iremos incorporando todo lo aprendido dentro de un contexto concreto. Con este curso, aprenderás a diseñar una aplicación, conectarla con el servidor mediante Retrofit y crear los servicios con Firebase; todo lo necesario para crear aplicaciones móviles con las últimas tecnologías.",Course,2021-04-20 02:18 UTC,N/A,false,N/A,
Fine-Tuning for LLMs: from Beginner to Advanced,"This course capitalizes on the latest advancements in Large Language Models (LLMs) like FLAN-T5, enabling professionals to harness these tools effectively in the rapidly-evolving AI landscape. Instructor Axel Sirota helps you establish a strong foundation in the basics of LLMs, exploring their architecture, evolution, and role in the current AI landscape. Delve into prompt engineering and learn how to craft effective prompts that guide LLM outputs for specific tasks. Then deep dive into transfer learning and PEFT fine-tuning using LoRA and find out how to adapt and optimize LLMs for varied NLP tasks. Each course section comprises live-action clips, slides, and demos, as well as real-world challenges covering prompt engineering, transfer learning, and fine-tuning techniques to enhance FLAN-T5's capabilities. Plus, you’ll complete a final project focused on building an NLP solution encompassing sentiment analysis, text summarization, and question answering.",Course,2026-07-19 13:10 UTC,N/A,false,N/A,
Excel para principiantes: Cuadros de mando simples,"Crea un cuadro de mando en Excel que te permita hacer el seguimiento de la actividad de tu empresa y de los objetivos establecidos, gracias a este curso. Aprenderás a convertir los datos en tabla para optimizar su análisis, a crear tablas y gráficos dinámicos que muestren toda la información que buscas y a crear una hoja en el archivo de Excel que te mostrará los principales indicadores o KPI que te pueden ayudar a ver y realizar un seguimiento de la actividad de tu empresa. También descubrirás cómo usar segmentadores y líneas de tiempo que harán más rápido y dinámico el análisis, entre otros conceptos clave.",Course,2020-11-02 04:09 UTC,N/A,false,N/A,
Arquitectura de software: Patrones esencial,"Descubre el potencial de los patrones de diseño para crear sistemas de software. Este contenido te mostrará los principales patrones de diseño utilizados en la creación de software y cómo usarlos para crear sistemas sólidos, con buenas prácticas y usando soluciones probadas en la industria. Paso a paso, te introducirás en las bases conceptuales de los patrones de diseño de arquitectura y entenderás cómo funcionan, cómo solventar los problemas comunes al incorporarlos y, finalmente, cómo encontrar el patrón perfecto.",Course,2021-07-12 14:55 UTC,N/A,false,N/A,
Programming Foundations: Databases,"Once you get beyond basic programming, you'll need a database. Databases provide a consistent, organized structure for storing and retrieving large amounts of data. They allow programmers to build more complex applications that can take orders, process payments, make recommendations, authenticate users, and more. This course provides the foundation you need to get started in database programming. Explore the terminology: normal forms, ACID and CRUD, referential integrity, transactions, records, and tables. Learn what role keys and unique values play in a relational model. Discover how to design the best system to contain your data, starting with the tables and relationships at the core of your database. Find out how to write queries to extract the data you need, and how to juggle the different demands of storage, access, performance, and security. Instructor Scott Simpson provides practical examples and clear explanations that will help you design databases that can withstand the needs of your applications, your data, and your users.",Course,2021-12-27 13:04 UTC,2021-12-27 13:04 UTC,false,N/A,
Introducción al diseño de ecosistemas,"Un ecosistema de software agrupa un conjunto de programas, aplicaciones web o apps móviles independientes y las hace trabajar en conjunto para conquistar más segmentos de mercado o complementar productos y servicios entre sí. Un ecosistema de software puede convertirse en la mejor herramienta para escalar un negocio, mientras se reducen los costos drásticamente gracias a exprimir al máximo la infraestructura tecnológica.

En este curso, vamos a abordar la arquitectura general de un ecosistema, los posibles riesgos que puedes encontrar en el proceso, y los detalles concretos que necesitas para crear una infraestructura tecnológica que sostenga todo tu ecosistema de software.",Course,2021-04-28 04:02 UTC,2021-04-28 04:01 UTC,false,N/A,
.NET 8 esencial,"Este curso está diseñado para especialistas con conocimientos previos en .NET y C# que deseen aprovechar al máximo las nuevas características de .NET 8. Aprenderás a utilizar esta plataforma de desarrollo de manera efectiva, explorando sus herramientas y las razones que hacen que .NET 8 sea tan relevante en la historia de esta tecnología. Desde una introducción a .NET 8 hasta las mejoras en C# 12, este curso te proporcionará una visión completa y práctica de las características más destacadas de esta plataforma.",Course,2026-01-06 21:15 UTC,2026-01-06 21:14 UTC,false,N/A,
Diseño gráfico: Trucos de diseño de logos,"Para crear un logo excelente, no tienes que ser artista o diseñador. Los mejores logos consisten simplemente en una palabra o una forma. Sin embargo, también puede cumplirse la afirmación contraria: diseñar un logo puede ser muy complicado, porque es fácil darle demasiadas vueltas. John McWade plantea el diseño de logos desde una perspectiva distinta y dirige este curso tanto a diseñadores como a no diseñadores, a los que ofrece trucos y consejos para crear logos simples y vistosos que emitan el mensaje con el mínimo esfuerzo. Después de todo, los logos más emblemáticos, como los de Apple, Nike y Disney, son de lo más elemental. Aprende a aplicar a tu diseño los principios de estas marcas.",Course,2021-05-12 12:28 UTC,N/A,false,N/A,
Cómo negociar tu salario,"Negociar tu salario por otro más atractivo y competitivo debería ser una tarea fascinante que todos quisiéramos realizar. Poder mejorar la oferta que nos hacen no es tan aterrador como parece, es cuestión de prepararse y seguir unas fases y recomendaciones que te permitan resaltar tus fortalezas y lograr un acuerdo que las recompense en su justa medida. Gracias a este curso sabrás dónde poner el foco y evitarás distracciones para conseguir que la negociación sea un éxito, tanto para ti como para tu empleador.",Course,2020-12-15 20:53 UTC,N/A,false,N/A,
DesignOps: Habilidades personales esencial,"Aprende las habilidades que necesitas para manejarte dentro del mundo interdisciplinario de las DesingOps, y aprovecha las oportunidades de crecimiento y desarrollo que ofrece. Conoce, gracias a este curso, las herramientas, procesos, habilidades personales y estrategias que se utilizan en DesingOps para crear una mayor eficiencia.",Course,2021-06-09 13:19 UTC,N/A,false,N/A,
Robot Framework Test Automation: Level 1 (Selenium) (2018),"Get a comprehensive introduction to Robot Framework, a free, open source, keyword-driven test automation framework. In this course, instructor Bryan Lamb helps you discover how you can use this easy and powerful test automation tool to automate software tests quickly and easily. After a detailed installation section, Bryan shows you how to create your very first Robot Framework script in just minutes, and then demonstrates several options for running it, including via PyCharm, Windows command line, and the Jenkins CI platform. He then walks you through the process of how to make your script more readable by incorporating variables, custom keywords, and page objects. Finally, he provides hands-on walkthroughs of several of the most popular Robot Framework libraries.",Course,2021-05-01 22:45 UTC,2021-05-01 22:44 UTC,false,N/A,
Desarrollo Android: Test de código esencial,"En este contenido formativo descubrirás la importancia que tienen los tests para mantener la calidad de tu código y poder ser ágil desarrollando nuevas funcionalidades en tus aplicaciones. Conocerás los tipos de tests que se pueden desarrollar en Android, desde los más sencillos hasta otros más complejos, y tanto ejecutados desde el ordenador como en un emulador. También recibirás una instrucción en las herramientas más usadas para la implementación de tests en Android, como son JUnit, Mockito, Hamcrest, Truth o Espresso.",Course,2022-04-13 03:02 UTC,N/A,true,N/A,
Power BI esencial (2020),"Adquiere los conocimientos necesarios para poder crear informes y cuadros de mando con Power BI. Este contenido formativo te guiará, paso a paso, por el uso de la herramienta Microsoft Power BI Desktop y sus entornos de trabajo. Aprenderás a realizar tareas de modelado de datos, visualización y consultas, así como a usar el Servicio Power BI para, desde allí, crear cuadros de mando, compartir elementos y realizar tareas de administración. Todo explicado desde un nivel principiante y sin necesidad de conocimientos previos.",Course,2021-08-19 16:47 UTC,N/A,false,N/A,
Plantilla: Cuadro de mando simple con Excel,"Aprende a utilizar tu propio cuadro de mando simple en Excel de forma fácil y paso a paso. En ese curso, aprenderás a sacar el máximo partido a una plantilla que reporta la representación gráfica en tu hoja de cálculo de las principales métricas que intervienen en la consecución de los objetivos de tu negocio. Al acabar, contarás con una herramienta fiel y eficaz que te permitirá analizar y realizar un seguimiento de la actividad y resultados de tu empresa con solo pulsar un botón. ¡Adelante!",Course,2021-07-21 12:07 UTC,N/A,false,N/A,
PHP avanzado,"Amplía y expande tus habilidades con el lenguaje de programación PHP dominando las últimas técnicas, frameworks, sintaxis y herramientas que se utilizan en el mercado laboral actual. Durante el contenido repasarás conceptos sobre frameworks, testing, IDE avanzados, namespaces, benchmarks, patrones de diseño, cacheo y muchísimos otros apuntes que te aportarán soltura con el lenguaje.",Course,2023-02-09 16:13 UTC,N/A,false,N/A,
Excel para principiantes: Cuadros de mando con fuente de datos externa (365/2019),"Crea un cuadro de mando en Excel que tome los datos de una fuente de datos externa y los introduzca en la hoja de cálculo. Gracias a este curso, aprenderás a convertir los datos en información y podrás hacer un seguimiento de la actividad de tu empresa y de sus objetivos. Descubre las relaciones entre las tablas a analizar, cómo crear las tablas y gráficos dinámicos que muestren toda la información y aplica las fórmulas que te ayudarán a obtener los principales indicadores o KPI necesarios para realizar un seguimiento de la actividad de tu empresa. También descubrirás cómo usar segmentadores y líneas de tiempo, que harán más rápido y dinámico el análisis, entre otros conceptos clave.",Course,2020-10-19 21:22 UTC,N/A,false,N/A,
Desarrollo Android: Arquitectura esencial,"Conoce los conceptos básicos de la arquitectura de aplicaciones Android y sus prácticas más recomendadas. Comenzarás por sacar gran parte de las responsabilidades de las que solemos cargar a las Activities y aprenderás a conocer mejor sus ciclos de vida. Continuarás explorando la clase ViewModel, uno de los componentes de arquitectura más importantes y que se encarga de la lógica de los datos que muestran tus vistas. Verás también a la capa modelo, que sirve para obtener y manipular la información, para después aprender a consumir una API REST con una de las librerías más usadas en Android, Retrofit, y pasar a crear bases de datos mediante Room, entre otros conceptos.",Course,N/A,N/A,true,N/A,
C#: Design Patterns Part 2,"Design patterns in C# can save you a lot of time, as you don’t have to recreate code that has already been proven. In this course, instructor Richard Goforth explains what design patterns are and how you can recognize and implement five C# patterns: Observer, Builder, Command, Proxy, and Chain of Responsibility. For each pattern, Richard gives a definition, at least one example of how to implement or use it, any other explanations you may need, and a practice challenge. He concludes with some suggestions on where to continue your education in C# application design with patterns.",Course,2025-10-21 18:53 UTC,2025-10-21 18:52 UTC,false,N/A,
API Testing Foundations,"The ability to quickly and effectively test APIs is a critical skill for software testers and QA engineers. In this intermediate-level course, instructor Dave Westerveld covers the basics of API testing, sharing how to work with several industry-standard tools for testing APIs at scale in an organization. After providing a primer on web services and important API terminology, Dave shows how to use Postman for some basic API exploration. He then goes over some basic approaches and methodologies used in testing GET, POST, PUT, and DELETE requests; discusses some of the details of performance and security testing; and more.",Course,2024-08-16 03:26 UTC,N/A,false,N/A,
Integrating AI into the Product Architecture,"<p>This course equips developers, machine learning engineers, and AI engineers with the essential knowledge and practical skills to seamlessly integrate AI models into product architectures. Explore effective collaboration techniques with data science teams, best practices for comprehensive model testing and validation, and proven architectural patterns for scaling and deploying AI-powered applications. The course also covers crucial UX/UI considerations to build trustworthy, interpretable, and ethical AI-infused products.</p></p>This course is part of the learning path <a href=""https://www.linkedin.com/learning/paths/building-ai-products-implementing-responsible-ai-professional-certificate-by-linkedin-learning?u=104"" target=""_blank"">Building AI Products: Implementing Responsible AI Professional Certificate by LinkedIn Learning</a>. Complete all courses and pass the final exam to earn a Professional Certificate you can add to your LinkedIn profile.</p>",Course,2026-07-03 14:15 UTC,N/A,false,N/A,
Java Threads Demystified by Pearson,"<p>Modern computer architectures rely on multiple ultrafast cores, which can only be fully utilized by multithreaded programs. To write such programs, you need to know how threads work, how to prevent race conditions, how to get thread cooperation, and what Java platform utilities are built on top of threads, like executors and thread-safe collections. In this course, discover how to leverage the Java threading model effectively by learning about the main features: synchronization, interrupts, intrinsic locks, and explicit locks. Explore Java threads and virtual threads introduced in Java 21. Learn how to write multithreaded code that avoids thread-safety issues and performance pitfalls. </p><p>Note: This course was created by Pearson and Maurice Naftalin. We are pleased to host this content in our library. </p>",Course,2026-06-08 19:26 UTC,N/A,false,N/A,
A Start to Using Generative AI in .NET,"Until quite recently, generative AI has mostly been done by Python developers because Python is the main language used for AI research. However, with the increasing maturity of AI models and services, it’s time for .NET developers to integrate generative AI into real-world applications—from desktop to the web. Learn the fundamental skills required for configuring OpenAI and Azure OpenAI and creating a fully functioning chat bot. Along the way, instructor András Velvárt demonstrates practical coding tips and best practices for moderation and safety.",Course,2026-02-03 16:52 UTC,N/A,false,N/A,
How to Fix Bad Agile,"More than 80% of software products are delivered using an agile mindset, but the reality is that there is a lot of bad agile. Many agile coaches will tell you that bad agile is only good agile unoptimized, so this course walks you through five ways to optimize your agile team and enhance key processes. This course shows you how to keep standups, retrospectives, and product reviews productive, as well as how to keep the processes stable while allowing room for improvement. Next, it offers tips to improve your estimation and planning, while staying focused on the purpose behind the user stories. This course teaches you how to engage product owners, democratize scrum masters, and transition successfully to a cross-functional team. It also explains how to appease milestone managers and make sure that the product owner maintains ownership of the product. Finally, this course covers how to collaborate with the rest of the organization and keep your team together.",Course,2021-05-16 02:53 UTC,N/A,false,N/A,
Building Software Test Plans Using AI,"In this course, discover how to use AI as a practical tool for building software test plans. Instructor Mike Fine introduces the basics of working with AI to generate and shape the key components of a test plan, showing how simple inputs like your existing documents can be transformed into structured, useful outputs. Learn how AI can help expand test coverage, improve efficiency, and identify potential issues earlier in the process, while also exploring best practices, common challenges, and the opportunities AI creates for smarter, faster plan building.",Course,2026-06-25 11:55 UTC,N/A,false,N/A,
Selenium Essential Training,"<p>Take your Selenium framework skills to the next level. In this course, Meaghan Lewis takes you past the basics covered in Learning Selenium, on to intermediate and advanced options. First, Meaghan reviews the fundamentals and shows you how to get the most out of WebDriver. Next, she takes you into the mechanics of advanced locators and interacting with components. Then she shares how to overcome common synchronization issues. She wraps up by covering workflows and integrations. </p><p>This course is part of a <a href=""https://www.linkedin.com/learning/paths/lambdatest-test-automation-professional-certificate"" target=""_blank"">Professional Certificate</a> from LambdaTest.</p>",Course,2026-03-17 15:58 UTC,2021-04-27 03:59 UTC,false,N/A,
Robotic Process Automation: Tech Primer,"Robotic process automation (RPA) is a powerful way to develop software-based robots to automate repetitive and manual tasks. To get started in RPA, it's important to master a broad base of business and technical skills. In this course, instructor Bryan Lamb
 reviews these core skills, including flowchart fundamentals, file system basics, and important programming concepts. Learn how to build detailed flowcharts to document enterprise processes spanning multiple technologies, including email, documents, databases, websites, mainframes, and APIs. Discover how to navigate the Windows file system from top to bottom, in order to read and write data from text, PDF, spreadsheet, database, and other files. Explore the structure and programming behind websites and learn how to select and manipulate individual web elements. Explore programming concepts and database basics, and test your learning with a challenge at the end of the course.",Course,2026-07-01 12:45 UTC,N/A,false,N/A,
Navegar el cambio en tiempos difíciles,"La incertidumbre y los cambios nos llegan a todos. A veces son cuestiones personales y, otras, auténticos eventos globales como la COVID-19. En este contenido encontrarás apoyo para saber cómo reaccionar ante estos eventos y aprovecharlos como motor de transformación. Explorarás, paso a paso, nuestra relación como especie con la incertidumbre y los grandes cambios, cómo la estabilidad es estadística e históricamente anecdótica y cuáles son las 3 capacidades clave que hemos desarrollado, y tú necesitas poner a trabajar ahora, para sobrevivir y mejorar en etapas de incertidumbre.",Course,2021-03-30 13:09 UTC,N/A,false,N/A,
Cuarta revolución Industrial: Data science,"La ciencia de datos será uno de los pilares fundamentales para el desarrollo competitivo de, prácticamente, cualquier tipo de industria durante los próximos años. La incorporación masiva de datos procedentes de usuarios, procesos de fabricación o medio ambiente representan toda una serie de retos, tanto técnicos como éticos, que hay que saber afrontar de manera solvente. En este curso hablaremos sobre los fundamentos de la ciencia de datos, su base y procedimientos, así como de los riesgos que representa cuando se cae en sesgos y malas interpretaciones. Aprenderás cómo corregir dichos errores y cuáles son las buenas prácticas para la puesta en marcha de cualquier proyecto basado en datos.",Course,2022-01-13 22:00 UTC,N/A,false,N/A,
Aprende LinkedIn premium career,"En este curso, se destacan los beneficios y las funcionalidades de LinkedIn y LinkedIn Premium Career para la búsqueda de empleo. Veremos cómo optimizar nuestro perfil en LinkedIn y cómo buscar empresas y hacer búsquedas de empleo de interés. También descubriremos qué información podemos conocer de cada compañía. Luego, actualizaremos nuestra cuenta de LinkedIn a LinkedIn Premium Career, para contactar con los responsables de empleo mediante InMails. Finalmente, consideraremos cómo postularnos y cómo potenciar el desarrollo con LinkedIn Learning.",Course,2026-07-30 14:04 UTC,N/A,false,N/A,
Discovering .NET Aspire,".NET Aspire is Microsoft's new stack for creating distributed .NET applications. It was officially released at the 2024 Build conference to great acclaim. Ready for the cloud, .NET Aspire tackles common challenges in developing an app and later publishing the individual components. In this course, Christian Wenz—a web pioneer, technology specialist, and entrepreneur—presents a first look at .NET Aspire and shows you how it works in action. Get an introduction to the .NET Aspire stack, consisting of tooling for Visual Studio and the .NET CLI, components for commonly used services, and an orchestration layer that makes sure that all components work well together. After completing this course, you will be able to describe the purpose of .NET Aspire, develop a new .NET Aspire app, and demonstrate how to add custom functionality.",Course,2026-06-11 15:20 UTC,N/A,false,N/A,
Python Automation and Testing,"Do you spend too much time manually testing your user interfaces? Automation is the answer. Python and Selenium offer a simple but powerful framework to script any testing. Here, instructor Bhoomika Agarwal shows how to use the combination of Selenium WebDriver and Python code to automate web UI tests. Follow along and learn how to locate elements, navigate pages, test user interactions with forms and drag-and-drop elements, and use waits to control test timing and execution. The lessons are practical and can be immediately applied to your development workflow. Take the challenges included along the way to practice your new skills.",Course,2025-12-17 20:03 UTC,N/A,false,N/A,
Gestión de proyectos con un café,"¿Necesitas dar tus primeros pasos en la gestión de proyectos? Mientras te tomas un café, estos 4 vídeos te ayudarán a comprender las claves más importantes y a dar los primeros pasos a la hora de enfrentar un proyecto y gestionarlo adecuadamente, ya sea en solitario, liderando o trabajando como parte de un equipo.<br><br>Estos cuatro vídeos corresponden a los cursos:<br><br><li><a href=""https://www.linkedin.com/learning/gestion-de-proyectos-simplificada/los-doce-pasos-de-un-proyecto"" target=""_blank"">Gestión de proyectos simplificada</a></li>
<li><a href=""https://www.linkedin.com/learning/aprende-a-trabajar-con-graficos-de-gantt/comprender-los-graficos-de-gantt-3"" target=""_blank"">Aprende a trabajar con gráficos de Gant</a></li>
<li><a href=""https://www.linkedin.com/learning/gestion-de-proyectos-resolucion-de-problemas/personas-interesadas-en-la-realizacion-del-proyecto"" target=""_blank"">Gestión de proyectos: resolución de problemas</a></li>
<li><a href=""https://www.linkedin.com/learning/fundamentos-de-la-gestion-de-proyectos-comunicacion/objetivos-de-la-gestion-de-proyectos"" target=""_blank"">Fundamentos de la gestión de proyectos: Comunicación</a></li>",Course,2021-08-17 13:57 UTC,N/A,false,N/A,
Software Architecture: From Developer to Architect,"How is a software architect different from a developer? What exactly do architects usually do, and what additional skills would you need to become one? Instructor Lee Atchison answers these questions and more as he introduces you to thinking like an architect. Whereas a developer focuses on details, an architect’s role requires letting go of the details in order to guide the process. A good architect evaluates proposed designs and methodologies and provides feedback to keep the big picture and all outside needs in mind. Lee walks you through a day in the life of the architect, which lets you see the roles that architects may fill for themselves and others. The modern architect needs to keep several principles in mind, and Lee discusses each one. He covers additional skills you need to develop to become a successful software architect, then concludes by walking you through how to discuss with your current manager your goal of becoming an architect.",Course,2021-05-03 17:33 UTC,N/A,false,N/A,
Microsoft Project for the Web: Reporting with Power BI,"Create clearer, more visually compelling project reports using Power BI, the data visualization tool included with Office. In this course, John Riopel, PMP, gives project management professionals a crash course in Power BI, explaining how it can be used to create more robust project reports. John starts with the basics, explaining the main components of Power BI and showing you how to work with tables, filter the right data using slicers, and format a basic report. Next, John covers more intermediate features of Power BI, such as using samples and content packs, working with measures, and using conditional formatting. Finally, John explains how to work with advanced features, like creating and fine-tuning dashboards in Power BI, merging datasets, and adding custom visuals to your report.",Course,2025-05-02 13:12 UTC,N/A,false,N/A,
Design Thinking: Implementar el proceso,"Comienza a implementar la metodología Design Thinking en tu organización gracias a este curso. Comprende el proceso práctico completo de Design Thinking, conoce sus cinco fases y sus  técnicas más relevantes, así como las herramientas más importantes que utiliza. ¡No te lo pierdas!",Course,2020-12-23 12:28 UTC,N/A,false,N/A,
Java SE 21 Developer (1Z0-830) Cert Prep,"<p>This comprehensive course helps you prepare to earn the Oracle Java 21 Developer certification, designated 1Z0-830. Dive into multiple programming lectures and hands-on demos that give you detailed explanations and deliver a successful plan for exam day. Plus, test your level of preparedness with simulated exam questions that give you a clear understanding of the depth and complexity of the real exam’s questions. </p>

<p>This course was created by Pearson. We are pleased to host this training in our library.</p>",Course,2026-05-27 13:36 UTC,N/A,false,N/A,
SCRUM: Anti patrones,Aprende a identificar los problemas en la metodología ágil SCRUM y descubre herramientas para detectar anti patrones y técnicas para adaptarse y comenzar a corregir el rumbo antes de que se vuelvan un problema en tu proyecto. Descubre cómo solucionar estos problemas por usar esta metodología cuando no es suficiente para gestionar tu proyecto.,Course,2021-08-11 14:54 UTC,N/A,true,N/A,
Practice Exam 4 for AWS Certified Developer - Associate (DVA-C02),"<p>This practice exam is intended to help you prepare for the <b>AWS Certified Developer - Associate (DVA-C02)</b>certification exam. After you launch the practice exam, there are three practice modes available; timed, untimed, or custom. Each mode allows unlimited attempts, explanations for correct and incorrect answers, and detailed exam results. The number and types of questions on the practice exam and the duration of the timed practice exam is intended to be representative of the certification exam.</p>

<p><b>Want more practice?</b> Additional practice exams for this certification are available and each has a unique question set for continued preparation.</p>

<ul>
<li><a href=""https://www.linkedin.com/learning/practice-exam-1-for-aws-certified-developer-associate-dva-c02"" target=""_blank""><i>Practice Exam 1 for AWS Certified Developer - Associate (DVA-C02)</i></a></li>
<li><a href=""https://www.linkedin.com/learning/practice-exam-2-for-aws-certified-developer-associate-dva-c02"" target=""_blank""><i>Practice Exam 2 for AWS Certified Developer - Associate (DVA-C02)</i></a></li>
<li><a href=""https://www.linkedin.com/learning/practice-exam-3-for-aws-certified-developer-associate-dva-c02"" target=""_blank""><i>Practice Exam 3 for AWS Certified Developer - Associate (DVA-C02)</i></a></li>
</ul>

<p><b>About the certification</b>: To learn more about this certification, visit <b><a href=""https://www.aws.amazon.com/certification/certified-developer-associate/"">AWS Certified Developer - Associate (DVA-C02)</a></b>.</p>

<p><i>The practice exam questions provided are representative of the certification exam, but not the actual questions you will see on the certification exam. Practice exams are for self-assessment. Passing this practice exam does not guarantee that you will pass the actual certification exam.</i></p>",Course,2026-06-30 11:46 UTC,N/A,false,N/A,
Building Web APIs with ASP.NET Core,"Web APIs drive the most popular web and mobile apps, as well as internet-enabled devices ranging from fridges to phones. Curious about how to build a web API of your own? In this course, instructor Christian Wenz shows you how, taking you step by step through the process of building a web API with ASP.NET Core 3.1, the open-source framework for Windows, macOS, and Linux. Christian explains how routing works and how data is modeled in ASP.NET Core. He provides coverage of Entity Framework Core to help you grasp how data models in your projects connect to underlying databases. Plus, he covers essential topics such as API versioning, CRUD operations, securing your API, and more.",Course,2021-04-16 15:01 UTC,2021-04-15 05:33 UTC,false,N/A,
Aprende a usar LinkedIn Learning (2019),"Domina LinkedIn Learning y consigue la carrera profesional que deseas. Aprende todas las habilidades clave para tu formación gracias una biblioteca con miles de cursos sobre negocio, tecnología y creatividad. Descubre las funcionalidades más importantes de la plataforma, como herramientas de búsqueda, itinerarios formativos, secciones de contenido y recomendaciones sobre temas, cómo puedes compartir lo que estás aprendiendo o, incluso, cómo mostrar los cursos que has completado en tu perfil como parte de tus logros y certificaciones.",Course,2021-04-28 15:55 UTC,N/A,false,N/A,
Agentic AI for Developers: Concepts and Application for Enterprises,"Agentic AI is at the forefront of the next wave of technological advancements in the generative AI world, transforming the way business processes are executed in the future. As agentic AI becomes more capable of performing tasks traditionally requiring human intelligence and oversight, it is crucial for data scientists and engineers to understand how these systems work and best practices to build them.
 
In this course, Kumaran Ponnambalam discusses the concepts and building blocks for agentic AI. He explores how enterprise use cases can be built with a few examples, and reviews responsible AI considerations for agentic AI.",Course,2026-07-01 12:45 UTC,N/A,false,N/A,
Jenkins Essential Training,"<p>If you want to build, deploy, and implement continuous delivery as code, you’ve likely heard about Jenkins, the popular DevOps suite known for its open-source extensibility and ease of use. Jenkins also lets you automate your entire enterprise as a software delivery pipeline. In this course, instructor Michael Jenkins shows you the fundamentals of navigating the platform so you can start automating builds and testing and securing deployments.</p><p>Learn about the core functions of Jenkins, progressing from intermediate to more advanced use cases and highlighting best practices and customization tips. Find out how to create a pipeline, integrate Jenkins with version control systems, distribute agents like Docker containers, run and publish tests, produce artifacts for review, and secure your DevOps loop by configuring users and permissions. Try out your new skills along the way in the challenges at the end of each section.</p>",Course,2025-07-10 12:46 UTC,N/A,false,N/A,
JavaScript Avanzado 1,"Aprende JavaScript, el lenguaje que rige la web, al nivel más avanzado. Conoce las versiones de JavaScript ES5 y ES6, cómo el lenguaje es ejecutado por el navegador y sus características más importantes, como el manejo de procesos confluyentes y estructuras de datos complejas. Domina, gracias a este curso, uno de los lenguajes más demandados en el sector y mejora significativamente tu valor como desarrollador o desarrolladora.",Course,2019-12-26 15:49 UTC,N/A,false,N/A,
.NET 7: Entity Framework Core Esencial,"Descubre los conceptos fundamentales de Entity Framework Core como tecnología ORM para el acceso y manipulación de datos. Este curso comienzo explicando qué es Entity Framework Core, para qué sirve, cuáles son sus principales características y cómo podemos comenzar rápidamente a construir aplicaciones que usen esta tecnología. También aprenderás cómo consultar y manipular datos, su relación con objetos de la base de datos (procedimientos almacenados, vistas, etc.), su relación con DDD y, finalmente, cómo podemos construir pruebas unitarias.",Course,2023-09-10 00:12 UTC,N/A,false,N/A,
Desarrollo ágil de software,"El enfoque ágil y su interés por la entrega y la mejora continua, la colaboración y la apertura al cambio puede ayudar a que las empresas y los equipos optimicen tanto su productividad como la calidad de sus productos. En este curso, vamos a aprender los fundamentos de ágil para desarrolladores de software, así como las razones que hacen único a este planteamiento de la gestión de proyectos dentro del mundo del software. Vamos a explorar los principios de la filosofía Agile, así como sus implementaciones, tales como Scrum y la programación extrema, y vamos a ver ejemplos prácticos que reforzarán los conceptos que te explicamos en el curso.",Course,2021-04-28 02:54 UTC,N/A,false,N/A,
Excel: PivotTables in Depth (2021),"Many Excel users aren’t sure how to use PivotTables. In this course, Excel power user Curt Frye shows you how to navigate the complexity of PivotTables while taking advantage of their power. Curt explains how to build PivotTables from single or multiple data sources, pivot and configure a PivotTable, define a default PivotTable layout, and more. He demonstrates ways to summarize your data, add calculated fields, filter your results, and format your layout to make it more readable. Curt steps you through how to sort and filter PivotTable data, format your PivotTable and, and apply conditional formats. Plus, he goes over how to create PivotCharts to visualize your data, enhance PivotTables with macros, and use the Data Model feature to build PivotTables from related tables.
<br><br> 
Note: This course was recorded in Microsoft 365. However, anyone using a recent standalone version of Excel (Excel 2021, 2019, or 2016) should be able to follow along with the course contents.",Course,2024-02-17 21:46 UTC,N/A,false,N/A,
Kubernetes: Microservices (2018),"Build scalable and reliable microservices with Kubernetes. Kubernetes is a popular DevOps tool for managing containers at scale. Microservices allow developers to deploy individual app components, enabling continuous integration and increased fault tolerance. This course teaches how these technologies combine—culminating in a real-world microservices application hosted in a Kubernetes environment. Instructor Karthik Gaekwad describes the benefits of microservices and shows how they can be implemented inside the container-based architecture paradigm. Using an existing monolithic application, he breaks down its functionality, adds Kubernetes constructs, and deploys the new services into a Kubernetes environment with Minikube. Finally, Karthik introduces tools such as Helm and Jaeger, which are used along with Kubernetes to build more resilient microservices.",Course,2021-05-12 12:39 UTC,N/A,false,N/A,
Revit 2021 esencial,"Aprende Revit, el programa de Autodesk para BIM. Profundiza en los conceptos básicos de modelado, documentación y extracción de información de un proyecto completo de edificación. Conoce la metodología BIM y qué significa trabajar en tres dimensiones, donde toda la información del proyecto está permanentemente actualizada en una maqueta virtual completa. Entiende cómo en Revit no se dibujan líneas, arcos o círculos, sino elementos constructivos concretos. Domina los planos, las mediciones de materiales o encuentra información sobre áreas y habitaciones, entre otros conceptos esenciales. Este curso está compuesto o puede incluir vídeos de otros cursos ya publicados.",Course,2021-01-30 19:53 UTC,N/A,false,N/A,
Trucos para cambiar o crear nuevos hábitos,"Consigue cambiar tus hábitos o aprender nuevos para mejorar tu día a día gracias a los trucos y conceptos clave de este curso. Aprende a sortear los obstáculos y resistencias que se presentan cuando empiezas a crear nuevas rutinas. Entiende cómo se forman los hábitos, cómo la mente subconsciente puede ser una gran aliada o una gran oponente a la hora de crearlos, y cómo llevar un registro de tus avances y estrategias.",Course,2021-09-12 13:23 UTC,N/A,false,N/A,
Learning Docker Compose: Simplified Multi-Container Application Management,"In this course, Docker Captain Pawel Piwosz shows you how Docker Compose can revolutionize your approach to container orchestration. Learn how to write and execute Compose files, connect containers in a Compose environment, and manage start-up sequences for optimized performance. Find out how to maintain persistent storage and create dedicated networks to ensure seamless container communication. Discover techniques for passing environment parameters and managing your composition environment using Docker Compose CLI. Dive into real-world scenarios that illustrate the application of these concepts, enhancing your practical skills. This course is tailored for DevOps, developers, system administrators, and IT professionals eager to master containerization techniques. This course helps you build the skills to identify strong use cases for Docker Compose and implement container orchestration effectively.",Course,2026-01-30 14:23 UTC,N/A,false,N/A,
Fundamentos de Kanban para desarrollo de software,"Kanban es un método de administración de proyectos, sencillo y elegante que ayuda a controlar y mejorar los procesos de desarrollo. En este curso, aprenderemos a gestionar un tablero de Kanban y a adaptarlo a cualquier entorno de trabajo. Conoceremos las principales herramientas y métricas, y veremos una serie de trucos y consejos para que adaptes Kanban a tu entorno actual de trabajo. Exploraremos juntos los elementos clave de Kanban y cómo ponerlo en práctica mediante ejemplos realistas que te ayudarán a sacar el máximo provecho de este enfoque único para gestionar la colaboración y la producción.",Course,2021-12-01 02:53 UTC,N/A,false,N/A,
Windows Server 2022 Essential Training,"This course covers the essentials that you need to install and administer Windows Server 2022. Instructor Robert McMillen covers the key topics like choosing your server roles, different server environments, hyper-converged infrastructure, storage options, identity and access, and virtualization. He also highlights the benefits of upgrading to Server 2022, and shows how to automate installation. If you work as a system admin, IT administrator, or are looking to get into this field, join Robert in this course to learn the essentials of Windows Server 2022.",Course,2023-10-06 20:53 UTC,N/A,false,N/A,
Fundamentos de Six Sigma (2018),"Aprende a aplicar Six Sigma para implementar mejoras en el rendimiento de tus procesos, productos y servicios. El Dr. Richard Chua nos explica los fundamentos de este planteamiento basado en el cliente y los datos. Veremos conceptos básicos, como los requisitos críticos de calidad o CTQ, la variación, los defectos por millón de oportunidades o DPMO, las certificaciones de los profesionales de Six Sigma y los criterios para identificar a qué proyectos aplicarles este enfoque.
El resto del curso nos presenta las cinco fases del proceso Six Sigma: Definir, Medir, Analizar, Mejorar y Controlar los pasos, la información y los indicadores clave involucrados en cada etapa.",Course,2021-05-03 17:32 UTC,N/A,false,N/A,
DevOps Foundations: Chaos Engineering,"In a world of distributed systems, a single minute of downtime can be costly. Chaos engineering addresses the potential for catastrophic and unlikely systems failure. It’s a type of resilience testing to ensure production systems can withstand infrastructure, network, and application failures resulting from edge cases like cloud outages and natural disasters. This course explains the core concepts, benefits, and uses of chaos engineering, and shows how to implement testing with dedicated tools such as Chaos Toolkit, Chaos Monkey, and Chaos Kong. Instructor Michael Smith guides you through the basic workflow, from creating a hypothesis to running an experiment and analyzing the results. By the end of the course, you should be able to use chaos engineering to prepare your systems for the worst-case scenario.",Course,N/A,N/A,true,N/A,
Designing Learning Experiences in the Metaverse,"If you work in learning and development, you most likely know that the future is already here. Now, not only do you have to design experiences for elearning modules, microlearning, and online or hybrid classrooms, you also have to design learning platforms and curriculum that meet the unique needs and opportunities of the metaverse.<br><br>Join instructor Karl Kapp in this cornerstone skills course on effective virtual learning and development. Karl shows you how to build collaborative, three-dimensional learning experiences to take your instructional design skill set to the next professional level. Learn about the fundamentals of the metaverse for successful learning, why well-designed learning really matters, and when and how to conduct future-forward instructional experiences, evaluate your performance, overcome critical incidents, and more. By the end of this course, you’ll be ready to wield your new metaverse design skills to promote virtual collaboration, innovation for growth, and learning.",Course,2024-02-01 20:58 UTC,N/A,false,N/A,
Claude Code for Non-Programmers: Automating Daily Tasks,"<p>Turn natural language into functional applications without writing a single line of code. In this hands-on course, instructor Harshit Tyagi shows non-developers how to set up Claude Code locally, manage files and data, and create automation workflows that simplify day-to-day work.</p><p>
Build a practical invoice processing tool, analyze large datasets, and learn to chain tasks like organizing, processing, and generating marketing content. You’ll learn how to use Claude Code with external tools like Notion, using MCP servers. Even if you’ve never used a code editor before, this course will prepare you to automate multistep processes and create mini-products that solve real-world problems.</p>",Course,2026-06-09 21:26 UTC,N/A,false,N/A,
Desafíos IT: consultas SQL,"Expande tus conocimientos y refuerza tus habilidades de SQL por medio de ejercicios prácticos con este contenido. El curso tiene como objetivo resolver ejercicios de SQL de distintas dificultades, planteados de menos a más, para poner en práctica y retar todo lo que crees saber sobre este lenguaje. Durante la formación te enfrentarás a dos bases de datos y muchos retos que debes completar sobre ellas. Primero se te planteará el desafío, después se te ofrece la solución para que puedas comprobar tus resultados.",Course,2023-01-18 15:43 UTC,N/A,false,N/A,
ASP.NET Core: Building a GraphQL API,"Did you know that you can query your API with GraphQL and get exactly what you need? That’s because GraphQL is an open-source query language for APIs that allows you to access your data from a single endpoint. In this course, developer and trainer Ervis Trupja teaches you the basics of building a GraphQL API in an existing ASP.NET Web API project.<br><br>Learn about the tasks and key concepts of GraphQL, how it works, and how to put it into action. Explore the difference between GraphQL and REST APIs, as well as between GraphQL operations and types. Get the skills you need to start querying data, adding mutations and relationships, working with relational data, and running tests. Find out why GraphQL is so flexible and efficient, particularly if you’re working with an existing ASP.NET Web API project. Along the way, try out your new skills with practice challenges in each section.",Course,2026-01-08 15:54 UTC,2026-01-08 15:52 UTC,false,N/A,
Pensamiento estratégico (2019),"El pensamiento estratégico es la capacidad de pensar a pequeña y a gran escala, a corto y a largo plazo, y en el pasado y el presente. Aunque el pensamiento estratégico es una destreza muy valiosa para cualquier integrante de la empresa, es esencial a medida que vas ascendiendo. De hecho, puede que sin él no asciendas ni puedas ser un gran líder. Sin embargo, el pensamiento estratégico no se enseña de manera formal, por lo que es fundamental que tomes la iniciativa y lo aprendas por tu cuenta.
Este curso enseña a gestores y líderes cómo aplicar el pensamiento estratégico para guiar a sus equipos y dar con soluciones a problemas empresariales clave. La experta en marca personal Dorie Clark te muestra cómo hacerte tiempo para pensar en la estrategia, recopilar datos, aprender el pasado, crear una visión de futuro e integrar el pensamiento estratégico en tu equipo.",Course,N/A,N/A,true,N/A,
UX Foundations: Interaction Design,"Engaging, easy-to-use products don't appear fully formed in the minds of designers and product teams: they're the result of careful consideration, exploration, and study. Interaction designers are crucial players in the product design process, because they observe human behavior and use what they've learned to craft products that meet people's specific needs. In this course, join instructor David Hogue as he steps through the foundational processes and techniques required for interaction design. David begins by taking a look at key psychology concepts and how they can help us better understand how our people think, feel, and behave. He then takes a deeper dive into the methods and processes used by interaction designers to create considerate, engaging, and valuable products. Learn about the dimensions of interaction design, design thinking, design patterns, usability and accessibility, and more.",Course,2021-05-03 17:35 UTC,N/A,false,N/A,
Microsoft Power Apps Essential Training: The Basics,"Microsoft Power Apps helps you create custom business applications for mobile devices and web browsers. You can replace manual forms and processes with digital experiences that can be accessed from anywhere—without writing a single line of code. In this course, Gini von Courter provides the foundational knowledge you need to use Power Apps to create web-based and mobile applications. Explore the structure of a Power App and learn to create apps from built-in templates, from scratch, or using Microsoft Copilot. Find out how to connect to a variety of data sources, including SharePoint and Excel, and how to customize layouts and themes. Along the way, Gini shows you how to use and share an app on the go, build a model-driven app with Dataverse, and create websites for external users with Power Apps portals.",Course,2025-10-10 04:36 UTC,N/A,false,N/A,
Lightroom Classic CC: Trucos,"Aprende pequeños trucos que mejoren tu flujo de trabajo diario. El objetivo del curso es facilitar el día a día mediante soluciones creativas o formas novedosas de trabajar con Lightroom Classic CC. Dispondrás de distintas técnicas y consejos que te ayudarán con el trabajo a la hora de la clasificación y organización de archivos, veremos algunos trucos y atajos para cuando llegue el turno de editar nuestras fotografías en el módulo revelado y también mejoraremos con algunos comandos la creación de libros, proyecciones y páginas web.",Course,N/A,N/A,true,N/A,
SQL Server: Servicios de integración esencial,"Aprende Integration Services de SQL Server y descubre su uso en la analítica de datos. Explora las diferentes posibilidades del ecosistema de la herramienta, como los paquetes de extracción, transformación y carga de datos (ETL), la generación de ciclos de repetición, la depuración de Data Flow, entre otras, y domina su aplicación en el campo de la inteligencia de negocios.",Course,2021-06-16 15:20 UTC,N/A,false,N/A,
Python para data science y big data esencial (2018),"Python está viviendo una segunda juventud como lenguaje de programación, ajustado codo con codo a una de las grandes necesidades de ésta década: el trabajo con grandes volúmenes de datos.
En este curso, vas a aprender en primer lugar los fundamentos de Python para Data Science y visualización de datos, para posteriormente aplicarlos en el análisis de grandes volúmenes de datos usando el entorno Spark, una de las herramientas más populares del sector Big Data. El contenido del curso es práctico. Vamos a sentar las bases para que aprendas a desarrollar tu proyecto de datos, de principio a fin.",Course,2021-05-21 03:46 UTC,N/A,false,N/A,
ISC2 Certified in Cybersecurity (CC) Cert Prep,"<p>Considering a career in cybersecurity? The good news is that almost every company today has a need for more cybersecurity staff, and the ISC2 Certified in Cybersecurity (CC) exam is an excellent starting point for a career in cybersecurity. In this course, instructor Mike Chapple shares all the cybersecurity knowledge you need to know to pass the exam, gives you an insider’s view of the test, and covers topics like the value of the certification and career tracks in cybersecurity.</p><p>Note: This course was created by Mike Chapple. We are pleased to host this training in our library.</p>",Course,2023-10-13 22:11 UTC,N/A,false,N/A,
C#: Advanced Practices,"In this course, instructor Mika Dumont introduces you to C# advanced practices. Mika begins by defining LINQ and showing you how LINQ makes it easy to query any data source. She walks you through how LINQ composes queries written in multiple statements, or even multiple methods, into a single query operation. Mika covers how LINQ works with Entity Framework to query SQL data sources. She describes how async features make it easy to write code that describes what your code does. She goes into how the Task class helps you organize asynchronous algorithms in logical ways. She steps you through how to recover and process asynchronous error conditions from faulted tasks. Mika concludes by explaining the similarities and differences between asynchronous operations and multithreaded, how you can apply similar techniques in both contexts, and how asynchronous operations may be single-threaded.<br><br>This course was created by Microsoft.NET. We are pleased to host this training in our library.",Course,2021-04-27 03:08 UTC,N/A,false,N/A,
AI for Software Testers: Apply AI Tools and Techniques to the Software Testing Life Cycle,"Software testing is often the most repetitive aspect of a large software project, with many similar tests, customized slightly for different contexts, and then constant evaluation of those test results.  AI coding techniques can simplify these intensive test review cycles. Instructor Mchael Smith walks you through the possibilities, from using AI to help you decide on testing targets and strategies through implementing them with ChatGPT, GitHub Copilot, and similar tools, as well as evaluating test reports.",Course,2025-11-13 16:58 UTC,2025-09-18 16:18 UTC,true,N/A,
Windows 11: Configure and Support Core Services,"Do you need to learn to configure and support Windows 11? In this course, instructor Joli Ballew illuminates the installation process, exploring various ways to configure many of the services included in a Windows 11 default installation. Joli leads you through key configuration tasks like networking, storage, data access and usage, remote management, and data recovery and troubleshooting. She takes you through IP addressing, mobile networking, configuring a VPN, and making the best use of Control Panel troubleshooting wizards. Joli explains how to configure security and storage, and demonstrates how to configure remote management, including tools like PowerShell, Remote Desktop, the Windows Admin Center, and more. Plus, she steps through configuring and applying system and data recovery options, so that when things go wrong, you’re prepared to take action.",Course,2024-09-02 01:21 UTC,N/A,false,N/A,
Database Foundations: Application Development,"While learning about the individual components of a software development stack like databases, programming languages, and interfaces is important, combining multiple technologies that each contribute a piece to the whole is where all the knowledge really comes together. In this fifth and final course of his <i>Database Foundations</i> series, database expert Adam Wilbert explores the role of relational databases in the larger landscape of application development. He examines the architecture of modern apps and how databases integrate with presentation and logic, and how all these building blocks of software development fit together. To do so, Adam shows two different approaches of how to integrate a database with a web server and details the components that allow you to build custom interfaces for your data, in order to provide end users access to your databases from any web browser.",Course,2025-02-27 20:17 UTC,N/A,false,N/A,
Introduction to Prompt Engineering for Generative AI,"<p>Learn how to craft high-impact prompts for generative AI tools. Whether you’re a beginner or have been experimenting with generative AI tools, this course offers a great introduction to the art of prompt engineering. Senior AI engineer Ronnie Sheer guides you through what large language models are and what problems they may be able to solve. Ronnie dives into text generation, starting with a warning to use text generation AI responsibly, then moving on to Copilot, ChatGPT, Gemini, and Claude. He introduces you to the AI generated image landscape, then shows you how to use Dall-E and Midjourney. Plus, Ronnie goes over advanced concepts like fine-tuning your prompts and interacting with language models using an API.</p><p>This course is part of a <a href=""https://www.linkedin.com/learning/paths/build-your-generative-ai-productivity-skills-with-microsoft-and-linkedin"">Professional Certificate</a> from Microsoft.</p>",Course,2026-07-02 02:35 UTC,N/A,false,N/A,
Software Testing Foundations: Test Techniques,"We may marvel at a musician or athlete for their high level of skill and execution, but equally as important as their mastery of skills is their incredible technique in applying those skills. Technique is something you develop to ensure that whatever you deliver is the best possible outcome of your work, and in this course, Mike Fine applies this idea to software testing. As Mike shows, the more refined and honed your skills are, the better the results of your testing. Whether you’re a software tester looking to add to your skills, or prepping for an ISTQB certification, mastering many different test techniques only increases the chances that you have the tools to accomplish any task. Mike covers key techniques like black-box testing, white-box testing, and experienced-based testing. As these techniques are often full of esoteric lingo and complicated terminology, Mike also gives some advice on how to communicate your testing process so your results aren’t lost in technical jargon.",Course,2021-05-15 04:36 UTC,N/A,false,N/A,
Ten Tips for the C# Developer (2020),"C# and .NET are deep areas. Even if you’ve been a developer for years, there are bound to be features you don’t even know exist. In this course, take a look at some of the hidden or interesting methods that can help you write better code in this multifaceted programming language. Hear tips for improving your everyday workflows in C# development including a method to help avoid race conditions when working with a dictionary. Learn how to use pattern matching to create more expressive and readable code branches. Explore the new C# 8 slice operators and how and when to flatten a one-many relationship. Discover fresh tactics like how to and engage another programmer’s technique, use the DebuggerDisplay attribute to specify what information is shown, and more.",Course,2021-04-18 05:14 UTC,N/A,false,N/A,
AI in Project Management,"<p>Discover how AI can streamline project management in this course led by experts Chris Croft and Dave Birss. Chris brings extensive expertise in project management, while Dave specializes in generative AI, making them the perfect duo to guide you through integrating AI into your project workflows. </p>

<p>This course teaches you how to integrate AI effectively into project planning, enhancing everything from risk assessment to resource allocation. This course covers practical AI applications in project management, demonstrating how it interfaces with management software and improves the estimation of time and costs. </p>

<p>Ideal for project managers eager to incorporate AI into their processes for quicker, more precise planning. You'll start with simple tasks like automating meeting minutes and gradually progress to more complex applications. By the end of this course, you'll be equipped to use AI as a significant asset in your project management toolkit. </p>

<p>This course was created by Chris Croft, Dave Birss, and CRFT Productions. We are pleased to host this training in our library. </p>",Course,2026-03-31 19:31 UTC,N/A,false,N/A,
.NET 6 esencial,"Descubre en este contenido las características más notables y útiles de .NET 6, así como sus herramientas relacionadas, los tipos de aplicaciones más importantes que permite construir y por qué .NET 6 es la versión más importante de la historia de esta plataforma. También aprenderás sobre los tipos de proyectos más interesantes para que empieces a desarrollar, como aplicaciones de escritorio, web, móviles y finalmente microservicios y web API.",Course,2022-03-27 05:16 UTC,N/A,true,N/A,
DevOps Foundations (2016),"DevOps is not a framework or a workflow. It's a culture that is overtaking the business world. DevOps ensures collaboration and communication between software engineers (Dev) and IT operations (Ops). With DevOps, changes make it to production faster. Resources are easier to share. And large-scale systems are easier to manage and maintain.<br><br>

In this course, well-known DevOps practitioners Ernest Mueller and James Wickett provide an overview of the DevOps movement, focusing on the core value of CAMS (culture, automation, measurement, and sharing). They cover the various methodologies and tools an organization can adopt to transition into DevOps, looking at both agile and lean project management principles and how old-school principles like ITIL, ITSM, and SDLC fit within DevOps.<br><br> 

The course concludes with a discussion of the three main tenets of DevOps—infrastructure automation, continuous delivery, and reliability engineering—as well as some additional resources and a brief look into what the future holds as organizations transition from the cloud to serverless architectures.",Course,2021-04-28 03:19 UTC,N/A,true,N/A,
Threat Intelligence: From Analysis to Program Design by Infosec,"<p>This course provides an introduction to threat intelligence with theoretical, practical, and hands-on fundamentals—equipping you with in-demand skills for professional intelligence analysis. As you progress through the course, discover industry-leading tools and proven techniques for turning information into intelligence, applying threat intelligence methodologies, and tracking threat actors effectively. By the end of this course, you’ll be prepared to design and successfully run your own threat intelligence program.</p><p>This course was created by Infosec Institute. We are pleased to host this training in our library.</p>",Course,2026-07-15 18:04 UTC,N/A,false,N/A,
Software Testing Foundations: Continuous Testing and DevOps,The next step beyond agile testing and test automation is continuous testing. Continuous testing means having your test automation run regularly and give code changes the green light before moving on in the development process. It can speed up the development life cycle and contribute to more stable and reliable software deliveries. DevOps provides you with the infrastructure to start running your automation in a continuous integration pipeline—this course can provide you with the skills. Join instructor and developer Jain Waldrip to learn the essential concepts of continuous testing and what DevOps means for QA. Discover methods for running automated tests in a continuous integration pipeline and explore common tools you will encounter in the process of implementing continuous testing. Jain also provides tips for running tests in containers and generating reports from your test results.,Course,2021-04-18 14:53 UTC,2021-04-18 14:53 UTC,false,N/A,
Android: Migración de Java a Kotlin,"Kotlin aparece como una nueva apuesta dentro del desarrollo como un lenguaje moderno, rápido, flexible y, sobre todo, pensando en la productividad y conceptos sencillos. En el desarrollo de aplicaciones Android están cambiando las reglas y Kotlin es la base de las nuevas reglas que debemos de entender si es que nos interesa mantener los conocimientos actualizados a la velocidad de los últimos cambios. Kotlin no solamente es un nuevo lenguaje, es un cambio en la filosofía del desarrollo por las bases de su naturaleza y su funcionamiento. Kotlin es una gran apuesta para cualquier desarrollador de aplicaciones móviles.",Course,2021-04-19 22:32 UTC,N/A,false,N/A,
Advanced AI Governance: Operationalizing AI Controls and Continuous Monitoring,"As AI technologies continue to evolve and infiltrate every aspect of our businesses, the need for robust AI governance has never been more critical. In this course, AI governance pioneer Meghan Maneval dissects AI governance to give you an understanding of AI regulations and their role in developing your organization’s AI controls. Explore the critical steps to operationalizing AI governance by integrating controls into your business processes and conducting business impact assessments. Plus, discover practical steps for building an AI continuous monitoring program that scales into the future.",Course,2026-07-12 03:07 UTC,N/A,false,N/A,
C#: Creación de una app con machine learning,"Aprende a desarrollar una aplicación con el framework ML.NET de Microsoft.                Dedicaremos una parte del curso a los aspectos teóricos de Maching Learning. Conoceremos sus fundamentos, historia y aplicaciones. Luego, pasaremos a la parte práctica y desarrollaremos una aplicación que implementa Machine Learning para clasificar sentimientos, es decir, que categorizará los comentarios de los usuarios como buenos o malos, según lo que expresen. Al acabar el curso, entenderás los conceptos de Machine Learning y sabrás elegir el algoritmo adecuado a lo que necesitas.",Course,2020-12-19 19:24 UTC,N/A,false,N/A,
Fundamentos de AWS Cloud Services,"Descubre Amazon Web Services gracias a este curso. Comprende cómo funcionan los principales servicios de computación en la nube, y específicamente la arquitectura de la infraestructura de AWS y sus principales servicios, como lo son EC2, RDS, S3, VPC, CloudWatch, etc. Al acabar, habrás empezado a adquirir la base teórica imprescindible para presentarte al examen de certificación AWS Cloud Practitioner; y si esa no es tu intención, al menos habrás entendido, de manera global, todo lo relacionado con Amazon Web Services.",Course,2023-03-01 16:36 UTC,N/A,false,N/A,
Hands-On AI: Introduction to Retrieval-Augmented Generation (RAG),"Retrieval-augmented generation (RAG) quickly separated itself as one of the most popular ways to leverage large language models (LLMs). Why? Because RAG patches up a critical problem in using LLMs for our own use cases. LLMs are trained on vast amounts of data, but they don't have access to the specialized data that we need for personal or business use cases, which makes them much more likely to hallucinate an answer. This is where RAG comes in. RAG uses embedding models and vector databases to store your data in a way that it can be used as context for LLMs. This course shows you what the different pieces of an RAG app are, how to use them, and how to build your own RAG app from scratch in Python. This course also leverages <a href=""https://docs.github.com/en/github-models"" target=""_blank"">GitHub Models</a> to enhance your learning.",Course,2025-10-25 03:42 UTC,N/A,false,N/A,
Gender in Negotiation,"Have you wondered how gender identity might impact how you negotiate or how to make negotiations more neutral? In this course, instructor Carolyn Goerner discusses the role of gender in negotiation and how to shape the negotiation context. Carolyn identifies common stereotypes and explains that calling attention to stereotypes can lessen their power. She describes the myth of the double bind, then helps you define negotiation situations. Carolyn goes over how collaboration, preparation, and goal setting play a role in negotiation. She covers ways to manage emotion, show empathy, and build relationships while negotiating. After talking about how training and practice help you develop negotiating skills, Carolyn concludes by showing you how you can promote equality in future negotiations.",Course,2024-04-17 04:29 UTC,N/A,false,N/A,
ASP.NET Core: Token-Based Authentication,"Are you a developer needing to learn about token-based authentication? This course deep dives into the difference between authentication and authorization, the difference between traditional and token-based authentication, and how to set up this new authentication mechanism in .NET Core applications. Instructor Ervis Trupja steps through everything you need to get started with authentication, then shows you how to set up token-based authentication to generate new access and refresh tokens. He covers generating an access token using a refresh token and explains how to sign up and log in users using tokens. Lastly, Ervis demonstrates how to add role-based constraints and configure roles as part of the token claims.",Course,2026-02-02 13:31 UTC,2026-02-02 13:29 UTC,false,N/A,
"Cómo vender con storytelling, parte 2: Historias que narran los grandes vendedores","Las historias conectan a las personas. Narrar una historia atractiva y auténtica puede ayudarte a forjar una buena relación con tu cliente potencial y a cerrar la venta. Con este curso, sabrás cómo aprovechar el poder de la narrativa durante el proceso de ventas. Paul Smith, el autor del libro superventas «Sell with a Story: How to Capture Attention, Build Trust, and Close the Sale», te explica los 25 tipos esenciales de historias y comparte su estructura para que tú des con las tuyas. Descubre las historias que podrás narrar al presentarte, al hacer tu discurso de ventas, al cerrar una venta, para captar el interés del comprador y para ganarte la fidelidad de los clientes a largo plazo.<br><br>

Consulta la primera parte del curso para tener una introducción de cómo vender con historias.",Course,2021-01-03 05:44 UTC,N/A,false,N/A,
Hands-On AI: Build a Generative Language Model from Scratch,"You’ve heard about AI and its applications. You’ve probably used AI—maybe without even realizing it. Now, take a deep dive into AI in this hands-on course by building your own AI from scratch. Instructor Ronnie Sheer first guides you through a short project: the creation of a text completion model similar to the autocomplete function on a smartphone. He then shows you how to build a model that filters out hateful comments on social media. Plus, Ronnie demonstrates how you can use lyrics from your favorite songs to generate new, thematically similar lyrics.",Course,2026-07-01 12:45 UTC,N/A,false,N/A,
Cómo desarrollar el autoconocimiento,"Aunque existen muchos factores que intervienen en nuestro éxito, prácticamente todas las personas que consiguen progresar en su vida personal y profesional tienen una gran conciencia de sí mismas. Descubre en este curso cómo mejorar tu autoconocimiento para poder evolucionar personalmente y en tu carrera. <br>
La psicóloga de organizaciones Gemma Roberts te ayuda a concienciarte, a ver cómo te perciben los demás y a que tus actos e intenciones sean coherentes. Además, te explica cómo identificar tus convicciones, ver las cosas desde otra perspectiva, elaborar un plan de acción y mucho más.",Course,2022-05-02 22:14 UTC,N/A,false,N/A,
Trabajo en equipo,"Descubre las cualidades de los equipos efectivos y cómo contribuir a que el tuyo sea uno. Además de la importancia de conocer tus puntos fuertes y débiles, el formador sobre gestión Chris Croft recalca la importancia de cumplir las expectativas, escuchar a los demás miembros del equipo, comunicarte claramente, jugar más de un solo papel y ser servicial.",Course,2022-05-13 19:07 UTC,N/A,false,N/A,
Power BI avanzado,"En este curso, conoceremos en profundidad Microsoft Power BI, una herramienta diseñada especialmente para recorrer el ciclo completo de desarrollo de un proyecto de inteligencia de negocios, que incluye: el descubrimiento, el modelado y la visualización de datos, así como la distribución de informes y cuadros de mando. Además, desde el Editor de consultas Power Query, vamos a conectarnos a orígenes de datos externos como Bases de datos, Servicios en línea, Microsoft Azure, R, etc. Mediante el tratamiento de las consultas, vamos a dar solución a situaciones de modelado de datos que se ejecutan antes de su carga.",Course,2020-12-29 13:05 UTC,N/A,false,N/A,
Agile Software Development: Remote Teams,"Agile is built on a foundation of strong team collaboration and communication. Remote agile software development teams succeed when they combine strong systems with intentional communication. In this course, communication systems architect Andrea Goulet offers practical strategies to support collaboration, delivery, and team health—without relying on shared physical space. Learn how to reduce miscommunication, improve code quality, and align cross-functional stakeholders—even when time zones and working styles vary. If you’re adapting to the challenges of hybrid or remote agile, this course gives you tools to lead with clarity and adapt with confidence.",Course,2026-04-23 13:37 UTC,N/A,false,N/A,
Fundamentos de la ciberseguridad,"La seguridad de la información y, en concreto, la ciberseguridad empieza por conocer los fundamentos básicos de la tecnología que usamos y de las amenazas a las que nos exponemos. En este curso aprenderás las bases de conceptos relacionados, desde definiciones sobre seguridad a los tipos de malware, pasando por los navegadores web, el cifrado o las comunicaciones inalámbricas. Aprende a mejorar tu seguridad y privacidad tanto en la vida personal como en la profesional.",Course,2021-04-30 04:44 UTC,N/A,false,N/A,
Fundamentos de la programación: Refactorización de código avanzado,"Aprende cómo mejorar la calidad de tu código con este curso que amplía tus conocimientos sobre los problemas que suele presentar el código durante su crecimiento (code smells). También descubrirás una buena cantidad de técnicas para mejorar el código y corregir problemas. Empezarás recordando las características de la refactorización del código, después verás en detalle cada uno de los code smells para terminar viendo la explicación de buena parte de las técnicas recomendadas para resolverlos eficazmente.",Course,2023-09-08 15:37 UTC,N/A,false,N/A,
"Selenium Essential Training: Build Reliable, Scalable Test Automation for Modern Web Apps","Take your Selenium automation beyond the basics by mastering the precision tools and advanced strategies required for complex, real-world web applications. This course guides you through fine-tuning WebDriver configurations for stable browser sessions while teaching you to navigate intricate UI scenarios—such as handling alerts, switching windows, and interacting with dynamic elements—with ease. Discover essential debugging techniques to resolve synchronization issues and implement containerization strategies to ensure your tests are robust, scalable, and production-ready. Designed for QA engineers, testers transitioning to automation, and developers alike, this course helps to equip you with the steps and skills needed to execute reliable automated tests in modern DevOps environments.",Course,2026-07-25 02:11 UTC,N/A,false,N/A,
Data Impact with DJ Patil,"<p>Data science has revolutionized the world in many ways, as the use of data—including AI and machine learning—impacts every facet of our everyday lives—not to mention supercharging sites and services like Google and LinkedIn. But what is data science? How did we get to this point? And how will we use data science in the near and distant future? In this series, former U.S. Chief Data Scientist DJ Patil interviews some of the most influential people in tech. You’ll want to catch every episode for an insider’s perspective on the impact of data science on our world—past, present, and future.</p>",Course,2024-08-01 02:47 UTC,N/A,false,N/A,
AI-Powered Development with the Anthropic API,"AI APIs provide powerful ways to build intelligent applications, but leveraging them effectively requires skillful prompt engineering and API knowledge. In this course, you'll gain hands-on experience with API requests, learn best practices for structuring prompts, and compare AI model capabilities. Learn to integrate AI into your development workflow.",Course,2026-05-26 12:19 UTC,N/A,false,N/A,
Cómo hackear tu mente y recuperar el control sobre el estrés,"Supera el estrés y consigue dejar atrás la sensación de que no tienes tiempo. Aprende qué es, qué le pasa a tu cuerpo cuando se activa o se vuelve crónico, y qué hábitos mentales y nutricionales lo empeoran. Consigue, con este curso, resetear tu mente y recuperar el control de tu día a día con sesiones prácticas de respiración consciente y mindfulness que te devolverán tu claridad mental y tu equilibrio.",Course,2021-04-15 04:25 UTC,N/A,false,N/A,
Spring on Kubernetes: Deploying and Managing Cloud-Native Applications,"<p>Interested in building a cloud-native application with Spring Boot? This course was designed for you. Join instructor Frank P Moley III as he outlines the basics of creating images, including native images for eventual deployment to Kubernetes. Get a comprehensive overview of the entire development lifecycle of deploying and testing an application. Along the way, Frank covers some additional real-world operational concerns related to deploying applications with this methodology, including testing strategies, automation in CI/CD, security considerations, and more.</p><p>This course is integrated with GitHub Codespaces, an instant cloud developer environment that offers all the functionality of your favorite IDE without the need for any local machine setup. With GitHub Codespaces, you can get hands-on practice from any machine, at any time-all while using a tool that you'll likely encounter in the workplace. Check out the ""Using GitHub Codespaces with this course"" video to learn how to get started.</p>",Course,2026-01-14 18:05 UTC,N/A,false,N/A,
C# esencial (2020),"Aprende a programar en C#. En este curso descubrirás la facilidad del lenguaje de C#, conocerás las bases de la programación y del paradigma orientado a objetos, programarás tu primer proyecto y practicarás los contenidos básicos a través de entretenidos ejemplos. Comienza en el mundo de la programación en C# paso a paso con este curso de iniciación, conociendo operadores, clases y objetos asociados a este lenguaje de programación.",Course,2021-07-27 02:34 UTC,N/A,false,N/A,
Lenguaje no verbal para líderes,"La capacidad de liderazgo es muy importante en la actualidad. En este curso veremos qué es el liderazgo y cómo nuestro lenguaje corporal puede influir positiva o negativamente a la hora de transmitir confianza, empatía o la capacidad de motivar y dirigir personas entre otras competencias propias de un líder. 

Veremos una serie de indicaciones prácticas para situaciones a las que se enfrenta un líder habitualmente en las que es importante que lo que dice y lo que muestran sus gestos y su postura sean coherentes y transmitan los mismos mensajes.",Course,2020-11-20 23:02 UTC,N/A,false,N/A,
C# Test-Driven Development,"The old carpentry adage “measure twice, cut once” may not seem applicable to programming, but when you consider all the ill effects that bad code can have down the line, doesn’t “test twice, code once” make sense? The later you test, the more effort it requires to fix any issues that may have been introduced months ago. With test-driven development, you create the test first, and then you write the code. In this course, Christian Wenz shows how to apply TDD principles to C# programming. Christian takes a look at TDD in theory (what does it mean and what does a programmer need to know?), as well as in practical terms (how do you use TDD for C#-based projects?). He also illustrates TDD in action by adding tests, offers advice to help programmers understand available frameworks, and looks at more complex scenarios for using TDD like testing web applications and APIs, and replacing database objects during a test.",Course,2025-02-12 02:15 UTC,N/A,false,N/A,
Estrategias de liderazgo para mujeres,"El mundo necesita más mujeres líderes, y tú tienes el potencial de ser una de ellas. Las mujeres en puestos de mando se enfrentan a diferentes dificultades: expectativas, prejuicios... también está demostrado que se les paga y promueve menos. Este curso te ayudará a conseguir o consolidar una posición de liderazgo dentro de tu empresa, organización o comunidad, aprendiendo las estrategias adecuadas para superar los retos que supone. Al terminar habrás comprendido las particularidades del liderazgo femenino, descubrirás algunos referentes de mujeres líderes que te sirvan de modelo y tendrás algunas herramientas nuevas para usar en tu nueva posición.",Course,2021-05-19 14:46 UTC,N/A,false,N/A,
Cómo escribir con eficacia,"Amplía y expande tus habilidades de comunicación escrita gracias a este curso. Aprende, de manera práctica y paso a paso, cómo mejorar la efectividad de tus textos para que sean comprendidos rápidamente y obtengas los resultados que te has propuesto. No te lo pienses más y empieza hoy a redactar escritos más eficaces.",Course,2021-03-09 21:14 UTC,N/A,false,N/A,
Agile en acción: Planificación con historias de usuarios ágiles,"Descubre cómo escribir historias de usuario como forma de planificar el trabajo para los próximos sprints durante la gestión de proyectos ágiles. Durante el contenido también aprenderás cómo evitar los errores más comunes en la planificación de proyectos ágiles, en qué se diferencia un sprint de un proyecto tradicional, las secciones principales de una carta de proyecto o cuáles son los roles de usuario, entre otros conceptos clave que te harán mucho más fácil el proceso de este tipo de proyectos.",Course,2026-04-28 02:47 UTC,2026-04-28 02:46 UTC,false,N/A,
Fundamentos del liderazgo,"En un contexto donde la tecnología avanza a pasos acelerados y se renuevan los modelos de negocio, se refuerza más que nunca el rol de líder como clave para gestionar el cambio y ayudar a evolucionar a los equipos de trabajo. El liderazgo es la capacidad de inspirar y conectar con otros para movilizarlos a realizar una acción, es el principal componente para modelar la cultura de una organización. En este contenido aprenderás que el liderazgo se desarrolla en cuatro dimensiones: liderazgo personal, de equipos, organizacional y externo, y contempla habilidades que pueden ser aprendidas en el tiempo. Veamos acciones prácticas para empezar a ser líder.",Course,2025-02-13 01:16 UTC,2025-02-12 16:27 UTC,false,N/A,
.NET 5 esencial,"Conoce .NET 5, la versión más importante en toda la historia de .NET. Este curso te ayudará a describir los conceptos fundamentales y piezas estratégicas que se tienen que tomar en cuenta cuando decidimos usar .NET 5 como plataforma de desarrollo. Darás un repaso sobre las diferentes fuerzas y decisiones que se tomaron para desembocar en .NET 5, pero también darás un paso a la práctica conociendo el ambiente de ejecución, las herramientas, el lenguaje de programación C# 9, el desarrollo de aplicaciones de escritorio, web, API, etc.",Course,2025-12-01 19:42 UTC,N/A,false,N/A,
Practice It: PHP with MySQL,"In this course, get hands-on experience with essential PHP skills like creating, reading, updating, and deleting records in an SQL database—without the hassle of installing and configuring PHP and MySQL. Instructor Kevin Skoglund
shows you how to incorporate URL parameters, form data, and error handling as you build web pages for content management. This course offers the flexibility to work with either procedural code, object-oriented code, or both, so you can find the approach that works best for you. Whether you need a refresher on the fundamentals or want to get comfortable with unfamiliar techniques, this course can help you achieve your goals.
 
<p>This course is integrated with GitHub Codespaces, an instant cloud developer environment that offers all the functionality of your favorite IDE without the need for any local machine setup. With GitHub Codespaces, you can get hands-on practice from any machine, at any time—all while using a tool that you’ll likely encounter in the workplace. Check out the “Using GitHub Codespaces with this course” video to learn how to get started.</p>",Course,N/A,N/A,true,N/A,
Kubernetes: Despliegue en Azure,"Domina los conceptos básicos de Azure Kubernetes Service o AKS. Introdúcete con este curso en su arquitectura, en la gestión general del servicio y en las operaciones que puede realizar. Además, despliega paso a paso tu primera aplicación en clúster. Al terminar este curso estarás preparado para trabajar con Azure Kubernetes Service y dar el salto a un nivel más avanzado.",Course,2022-04-18 04:17 UTC,N/A,true,N/A,
Gestión de equipos IT con un café,"Aprende a gestionar de forma eficiente un equipo de profesionales de las tecnologías de la información. Lidera de forma eficiente, impulsa las carreras de las personas de tu equipo y consigue que su aporte al trabajo de equipo sea óptimo.</br></br>

Estos vídeos corresponden a los cursos:</br></br>

<li><a href=""https://www.linkedin.com/learning/liderazgo-y-trabajo-en-equipo/"" target=""blank"">Liderazgo y trabajo en equipo</a></li>

<li><a href=""https://www.linkedin.com/learning/fundamentos-de-la-arquitectura-de-equipos-it/"" target=""blank"">Fundamentos de la arquitectura de equipos IT</a></li>

<li><a href=""https://www.linkedin.com/learning/fundamentos-de-gestion-de-equipos-it-y-programacion/"" target=""blank"">Fundamentos de gestión de equipos IT y programación</a></li>

<li><a href=""https://www.linkedin.com/learning/fundamentos-del-desarrollo-de-equipos-it/"" target=""blank"">Fundamentos del desarrollo de equipos IT</a></li>

<li><a href=""https://www.linkedin.com/learning/desarrollo-de-equipos-it-trucos-y-consejos/"" target=""blank"">Desarrollo de equipos IT: Trucos y consejos</a></li>",Course,2022-06-08 10:33 UTC,N/A,false,N/A,
Java avanzado 2,"Adéntrate en algunas de las características más modernas de Java y profundiza en algunas de sus características más avanzadas tanto a nivel de lenguaje como de API. Este curso te permitirá llevar tus aplicaciones al siguiente nivel ya que cubre temas como el manejo de excepciones y la concurrencia, el uso de genéricos y de wildcards. Introduce también sintaxis más modernas como la que trae el uso de expresiones lambda o los streams para el procesamiento de datos. Explora algunas clases del paquete de red y nos enseña a organizar nuestros proyectos con el sistema de módulos de Java.",Course,2021-03-05 15:49 UTC,N/A,false,N/A,
Aprende a programar ¡en cualquier lenguaje!,"Aprende a desarrollar software desde los principios básicos y con cuatro de los principales lenguajes de programación más usados en el mercado. Con este curso comenzarás entendiendo los conceptos y aplicándolos inmediatamente, con lo cual podrás aprender a desarrollar software en varios lenguajes y con la misma base. Al terminar este curso, además de descubrir los lenguajes más importantes, podrás aplicar tus nuevas habilidades para aprender otros o nuevos lenguajes de programación que ayudaran a potenciar tu vida profesional.",Course,2021-05-19 17:47 UTC,2021-05-19 17:47 UTC,false,N/A,
Bases de datos con un café,"Tomemos un café juntos mientras hablamos del apasionante mundo de las bases de datos. De forma breve y concisa, para que te tome pocos minutos, conocerás qué es una base de datos, para qué sirven y cuándo es necesario crear una. Durante el contenido también aprenderás a identificar los distintos tipos de bases de datos, ya sean relacionales o no, y conocerás los sistemas de bases de datos más populares en la actualidad como: MySQL, PostgreSQL, NoSQL o MongoBD. ¿Te apuntas a este café tan instructivo?


Estos vídeos corresponden a los cursos:
<ul>
<li><a href=""https://www.linkedin.com/learning/mysql-esencial/"" target=""_blank"">MySQL esencial</a></li>
<li><a href=""https://www.linkedin.com/learning/postgresql-esencial-2/"" target=""_blank"">PostgreSQL esencial</a></li>
<li><a href=""https://www.linkedin.com/learning/desarrollo-nosql-con-cosmodb/"" target=""_blank"">Desarrollo NoSQL con CosmoDB</a></li>
<li><a href=""https://www.linkedin.com/learning/mongodb-esencial/"" target=""_blank"">MongoDB esencial</a></li>
</ul>",Course,2021-08-12 19:34 UTC,N/A,false,N/A,
Cómo gestionar a personas con alto potencial,"Gestionar a los altos potenciales te da la oportunidad de prepararles el camino a algunos de los mejores talentos de la organización. Los altos potenciales son las personas más probables de ascender y ser buenas en puestos de liderazgo. Si ayudas estratégicamente a que estos profesionales crezcan y amplíen sus responsabilidades, influirás en el futuro de la organización de manera muy positiva. La experta en liderazgo Sara Canaday te ayuda a conocer la mentalidad y las motivaciones de los altos potenciales, para que puedas cumplir sus expectativas y darles el nivel apropiado de apoyo y capacitación.",Course,2020-12-03 20:18 UTC,N/A,false,N/A,
C++: Punteros inteligentes,"Profundiza más en C++ con los punteros inteligentes: objetos inteligentes que garantizan que tanto la memoria como otros recursos se asignan de forma adecuada y eficaz. Los punteros inteligentes son un componente fundamental de la gestión de recursos en C++ y una funcionalidad muy valiosa para cualquier desarrollador. En este curso, Bill Weinman te enseña a crear punteros únicos y compartidos, a usar punteros débiles y personalizados y a elegir el puntero inteligente que mejor se adapta a tus necesidades a la hora de programar.",Course,2020-09-15 21:39 UTC,N/A,false,N/A,
Excel: Técnicas de formato avanzadas (Office/Microsoft 365),"Un trabajo mal formateado en Microsoft Excel es un trabajo inferior en cuanto a calidad, aspecto o imagen. Durante este contenido formativo aprenderás a trabajar el formato de todos los elementos con los que trabajamos en Excel normalmente. Es decir, tablas, tablas dinámicas, gráficos o el formato condicional de las propias celdas, entre otros. Además, también recibirás recomendaciones sobre cómo abordar una estrategia de diseño para un dashboard o informe empresarial. No dejes de lado las buenas prácticas, la presencia de tus hojas de cálculo te lo agradecerá.",Course,2021-07-09 15:20 UTC,N/A,false,N/A,
ASP.NET Core: Razor Pages,"Razor Pages allows you to build ASP.NET web applications quickly and easily without an MVC framework. In this course, instructor Ervis Trupja shows you how to create a Razor Pages application, use the PageModel, and manage dependencies as you go. Find out how to get your first dynamically rendered page up and running before you learn about data binding, working with forms and data, and securing your application with authorization and authentication. Along the way, explore the use of layouts and classes to optimize pages for maintainability and more. Ervis shows you the skills you need to know to get the most out of Razor Pages and set your sights on next-level applications.",Course,2026-01-20 17:07 UTC,2026-01-20 17:05 UTC,false,N/A,
Managing Anxiety Triggers with Effective Techniques,"<p>Imagine you are having an anxious moment at work. Instead of letting yourself slip into old patterns of negative thoughts or self-criticisms, you can take a step back and try something new. Maybe move around, go out for lunch, drink some water—just don’t start doom scrolling. Emma Seppala is a lecturer at Yale, and in this course, she details techniques on how to manage anxiety. Emma explains that anxiety is telling you something, and by asking yourself ""what do you need?"" you can reclaim your power and energy. Check out this course to learn how to better deal with anxiety and stop subjecting yourself to self-destructive beliefs and behaviors. 
</p><p> 
This course was created by Morra Aarons-Mele of <i>The Anxious Achiever</i>. We are pleased to offer this insightful discussion in our library.",Course,2025-04-09 10:33 UTC,N/A,false,N/A,
DevOps: Contenedores Docker en hosts Windows,"Aprende los fundamentos esenciales sobre el uso de contenedores Docker de hosts basados en Windows; tanto de escritorio con Windows 10, como empresariales con Windows Server 2019. Con ejemplos tanto teóricos como prácticos, entenderás qué son y cómo funcionan los contenedores, cómo puedes implementar un entorno de desarrollo en Windows 10 o Windows Server 2019 y cómo se realiza una gestión completa de dichos contenedores. Por último, también verás de primera mano cómo se haría el uso de esta infraestructura en la nube.",Course,2021-08-14 03:41 UTC,N/A,true,N/A,
Learning Docker (2018),"Docker is the next step beyond virtualization. A Docker image contains everything it needs to run, independent of the Linux server on which it lives: a copy of the operating system, a database, code, configuration files, dependencies, and so on. Images can also be packaged and shared with other Docker admins. Arthur Ulfeldt uses Docker to run complex systems with millions of users and hundreds of containers. Here, he shares his knowledge with you. He introduces the basics of Docker, including its containers, Dockerfiles (or base images), and capabilities for networking, data management, infrastructure optimization, and more. Watch and learn how to build your own containers, as well as how to network and link containers.",Course,2021-05-03 17:33 UTC,N/A,false,N/A,
Excel para principiantes: Automatizaciones con Macros y VBA,"Aprende a automatizar Excel gracias a las macros y a la programación con VBA. Conoce en este curso, paso a paso y de manera sencilla, cómo estas herramientas pueden aumentar tu productividad y ayudarte a producir un trabajo más preciso automatizando tareas repetitivas.",Course,2022-07-18 14:14 UTC,N/A,false,N/A,
C# Unit Testing with xUnit,"In this course, learn the basics of test-driven development by creating a sample project in pure C# and using unit tests to validate that all the business logic works.
Instructor Jesse Freeman first introduces you to the foundational concept of unit testing and the role xUnit plays in it. He then guides you through a detailed setup process of xUnit for your development environment. Jesse also delves deeper into the specifics of xUnit's function, benefits, and its core role in the test-driven development (TDD) cycle.",Course,2025-09-25 13:19 UTC,N/A,false,N/A,
Arquitectura de software: Diseño de sistemas de software esencial,"Aprende a diseñar y planificar sistemas de software con este contenido formativo que te instruye, desde las bases teóricas del diseño de software (requerimientos, modularidad, rendimiento, escalabilidad, resiliencia y seguridad, entre otros), hasta cómo utilizar las herramientas de uso común en el campo; pasando por una gran variedad de consejos útiles a la hora de enfrentarse a la implementación de proyectos de software, el diseño de los sistemas y los problemas que puedan surgir en la implementación.",Course,2021-05-04 13:47 UTC,2021-05-04 13:47 UTC,false,N/A,
Fundamentos de la negociación,"Negociamos todo el tiempo, en el trabajo, la vida privada, las actividades personales, etc. La capacidad de negociación no se adquiere de una manera innata, existen determinadas técnicas que nos ayudan a poder gestionar una negociación de manera que estemos preparados previamente sabiendo lo que queremos obtener de ella y a qué estamos dispuestos a renunciar. <br><br>

En este curso veremos algunas técnicas que podremos aplicar en un gran número de situaciones para poder ser capaces de llevar la negociación a nuestro terreno y donde el resultado deje satisfechas a ambas partes.",Course,2021-10-11 22:30 UTC,N/A,false,N/A,
Java: Mapeo objeto-relacional esencial,"Expande el potencial de tus desarrollos en Java dominando el mapeo objeto-relacional para conectar Java con bases de datos MySQL. Al terminar este curso habrás adquirido los conocimientos esenciales para utilizar estas herramientas en tu favor, configurándolas correctamente, a fin de implementar de manera efectiva un sistema ORM. El curso será eminentemente práctico y con ejemplos, para que paso a paso generes la base de datos, aprendas a sortear los errores comunes de configuración o a crear tablas, utilices varias técnicas de consulta en las mismas, entre otros muchos conceptos clave. Empecemos el viaje.",Course,2021-11-29 20:26 UTC,N/A,false,N/A,
Transición de responsable a líder (2017),"Al igual que la gestión, la dirección o el liderazgo es una habilidad que se puede enseñar. En este curso, la asesora de ejecutivos Sara Canaday te explica algunas estrategias de eficacia probada para que cambies tu mentalidad de responsable a líder. Vamos a empezar viendo cómo impulsar tu crecimiento personal practicando el autoconocimiento y la inteligencia emocional, desarrollando la presencia ejecutiva y convirtiéndote en líder de opinión. Luego, veremos cómo expandir tu perspectiva, innovar enfocando el problema desde un punto de vista distinto y mejorar tu proceso de toma de decisiones. Por último, aprenderás a cuidar a tu equipo estelar: atrae talento, inspira a tu equipo mediante el apoyo y desarrolla relaciones productivas. Cada capítulo del curso contiene un caso de estudio que te muestra cómo aplicar estos conceptos en situaciones reales.",Course,2022-05-24 14:50 UTC,N/A,false,N/A,
Fundamentos de la programación: Pruebas de software y QA,"Las responsabilidades de Quality Assurance (QA) pueden ser distintas dependiendo de la persona. En este curso, vamos a ver las prácticas QA dentro del contexto de un proyecto de ingeniería de software. La formadora Meaghan Lewis te explica los distintos tipos de pruebas en las que se centra el QA y cómo encaja dentro del ciclo de desarrollo de software (SDLC). Meaghan explora las áreas en las que te convendrá hacer pruebas, para garantizar las mejoras del producto. Además, te enseña algunos de los mecanismos que se utilizan para comunicar el estado general de un producto. Al finalizar el curso, sabrás analizar tu proyecto con perspectiva, entenderás cómo encajan las piezas e identificarás cómo ayudar al equipo a cumplir los objetivos de calidad de cada lanzamiento.",Course,2023-03-17 13:36 UTC,N/A,false,N/A,
Learning SQL Programming,"<p>Structured Query Language (SQL) is a common tool for retrieving data from relational databases such as SQL Server, MySQL, MariaDB, and PostgreSQL. This course provides an introduction to this core programming language. Learn how to request data from a database, limit and sort the responses, aggregate data from multiple tables with joins, and edit and delete data. Instructor Scott Simpson also shows how to perform simple math operations and transform data into different formats. </p><p>This course is part of a <a href=""https://www.linkedin.com/learning/paths/data-engineering-foundations-professional-certificate-by-astronomer"" target=""_blank"">Professional Certificate</a> from Astronomer.</p>",Course,2024-03-18 13:56 UTC,N/A,false,N/A,
QuickBooks Pro 2020 Essential Training,"QuickBooks is designed to make running a business easy, so you can focus on what you do best. Learn how to create and back up your company's QuickBooks file and quickly set up shop, in this introductory course. It starts with adding your banking information, credit cards, and historical data to the chart of accounts. You can also learn how to set up your customers, vendors, employees, and inventory items. Instructor Jess Stratton then takes you through the day-to-day operations that keep your business running: creating estimates, purchase orders, invoices, and sales receipts; processing payments; recording deposits; and printing checks. Plus, learn how to run reports; find data about your business; and close the books, with end-of-year preparations.",Course,2025-10-10 04:34 UTC,N/A,false,N/A,
Advanced LLMs with Retrieval Augmented Generation (RAG): Practical Projects for AI Applications,"Are you an engineer, solutions architect, or software developer tasked with building enterprise applications? It’s time to get up to speed with the latest AI-powered tools and techniques—in this case, retrieval-augmented generation (RAG). In this course, designed by leading technology educator Pragmatic AI Labs, join instructor Guy Ernest as he outlines the foundational and advanced concepts required to leverage RAG for large language models, including text encoding using embedded vectors, document chunking with enrichment strategies, improving document retrieval, and more. By the end of this course, you’ll be equipped with the skills you need to take advantage of the power of RAG.",Course,2026-02-05 12:34 UTC,N/A,false,N/A,
Excel: Crear un dashboard para RRHH con Power Query y Power Pivot,"Construye un atractivo dashboard para tomar decisiones relativas a los aspectos comerciales de tu empresa. En este curso avanzado, aprenderás a extraer los datos,  a transformarlos y a depurarlos para visualizarlos en tu cuadro de mando con Power Query y Power Pivot, los complementos de Excel que te ayudarán a la extracción de datos y a su modelado.",Course,2020-09-28 22:10 UTC,N/A,false,N/A,
Desafío de programación: Programación funcional en JavaScript,"Entiende el paradigma de programación reactiva con JavaScript utilizando RxJS, un concepto que está revolucionando el mundo del software. Durante el contenido practicarás diferentes ejercicios de programación, creando observables y utilizando operadores para manipular los flujos de datos con diferentes propósitos, como la filtración de datos, combinación de información, detección de eventos, carga remota de datos y más. Al terminar, habrás mejorado tu nivel de programación con JavaScript y comprendido las posibilidades que nos brinda combinarlo con la librería RxJS.",Course,2022-09-08 00:14 UTC,N/A,false,N/A,
Securing ASP.NET Core Apps: Advanced Techniques for Web Application Security,"Software security is an important consideration when designing and developing web applications. While security breaches and threats can have serious consequences, there are steps you can take as a software developer to keep your applications safe. In this course, instructor Ervis Trupja explores techniques for securing and controlling access to your ASP.NET Core applications. Ervis begins by going over some of the most common types of attacks and how to protect yourself against them. Learn the skills you need to know to protect sensitive data in your applications using different strategies of authentication and authorization in ASP.NET Core.",Course,2026-02-02 15:06 UTC,2026-02-02 15:04 UTC,false,N/A,
.NET Development for Beginners,"<p>New to .NET? There’s a lot to explore! Join the Microsoft .NET team to begin learning .NET one step at a time. Find out what .NET is and what you can build with it. Learn how to get up and running within Visual Studio Code and how to enhance your projects with NuGet packages. This course presents a simple, straightforward way to begin your learning journey!</p>

<p>This course was created by the Microsoft .NET team. We are pleased to host this training in our library.</p>",Course,2026-02-19 20:36 UTC,2026-02-19 20:35 UTC,false,N/A,
Introduction to Probabilistic Knowledge Graphs: AI-Driven Inference and Real-World Applications,"Probabilistic knowledge graphs (PKGs) are transforming the way data is structured and analyzed in AI and machine learning. In this course, AI engineer and author Vaibhava Lakshmi Ravideshik introduces the fundamentals of knowledge graphs and shows how probability theory helps manage uncertainty in data. Through hands-on examples, learn how to construct PKGs, integrate probabilistic reasoning, and apply inference techniques like Markov Chain Monte Carlo (MCMC). Explore real-world applications in decision-making, risk assessment, and predictive modeling, and gain insights into scaling challenges and emerging trends shaping the future of PKGs.",Course,2026-07-14 16:38 UTC,N/A,false,N/A,
Node.js práctico: Sitio web,"En este curso práctico nos enfocaremos en diferentes proyectos web basados en NodeJS. Crearemos un sitio completo y utilizaremos funciones avanzadas, así como librerías y servicios adicionales para llevar nuestro producto al siguiente nivel. Finalmente aprenderemos los procesos de publicación en diferentes servicios en la nube para que nuestra aplicación esté disponible para el mundo entero.",Course,2021-06-30 04:43 UTC,N/A,false,N/A,
.NET Core: trucos (2019),"Amplía y expande tus habilidades de .NET Core gracias a los útiles y fácilmente aplicables consejos de este curso. Descubre trucos para Visual Studio, el lenguaje C# 8.0 y componentes relacionados con el despliegue, monitoreo e instrumentación de aplicaciones para que seas más productivo y eficiente en cada proyecto.",Course,2021-02-13 16:50 UTC,N/A,false,N/A,
Fundamentos de la gestión de proyectos (2016),"La gestión de proyectos es un acercamiento a la buena organización de procesos de principio a fin. En sí misma es una profesión, pero también es un conjunto de técnicas que cualquier persona puede aplicar para alcanzar sus objetivos y gestionar proyectos de trabajo con mayor eficacia. La gestión de proyectos puede utilizarse para guiar proyectos pequeños y sencillos, así como iniciativas complejas a nivel de empresa. En este curso, Bonnie Biafore te explicará los fundamentos de la gestión de proyectos, desde la definición del problema, el establecimiento de metas y objetivos del proyecto y la construcción de un plan de proyecto para la gestión de los recursos del equipo, hasta el cumplimiento de plazos y el cierre del proyecto. En el camino te ofrecerá consejos sobre cómo informar sobre el desempeño del proyecto manteniéndolo en marcha y la aprobación final del cliente.",Course,2023-09-14 15:45 UTC,N/A,false,N/A,
Fundamentos de SEO (2014),"[Hay una nueva versión del curso disponible <a href=""https://www.linkedin.com/learning/fundamentos-de-seo-2/"">aquí</a>.] En este curso aprenderás cuáles son las tendencias SEO actuales y cómo realizar una auditoría de tu sitio web para determinar qué cambios debes realizar y mejorar así la visibilidad de tu web. Aprende también a medir el impacto de tus optimizaciones y conoce los factores que influyen en el posicionamiento orgánico de tu página web. Ver este curso y seguir sus consejos te ayudará a mejorar las posiciones en las que aparece tu sitio web en las búsquedas de resultados gratuitos.",Course,2020-11-08 13:28 UTC,N/A,false,N/A,
TypeScript avanzado,"Descubre conceptos avanzados de TypeScript que te servirán para identificar y facilitar la asignación y uso de variables en tus próximos proyectos. Aprenderás a trabajar con módulos para organizar, extender y compartir el alcance de su código. También comenzarás a trabajar y generar código genérico para evitar reescribirlo cuando sea redundante. Por último, conocerás cómo trabajar con código asíncrono para que pueda optimizar las peticiones e interacción con datos en servicios remotos, así como la generación y uso de decoradores para poder extender y rehusar código en casi cualquier parte de tu proyecto.",Course,2021-12-17 16:26 UTC,N/A,false,N/A,
Certified Kubernetes Administrator (CKA) Exam Tips (2020),"Kubernetes adoption is exploding; certification is the best way to establish your credibility and value in today's competitive job market. Certified Kubernetes Administrator (CKA) is the most popular options available. This credential—offered by the Linux Foundation—is among the most esteemed certifications for DevOps engineers and IT professionals who are developing and supporting cloud-native applications for Kubernetes. In this course, you can explore the benefits of CKA certification and the topics covered in each of the exam's ten domains. Instructor David Davis also provides study tips to help you be more effective at this proctored, performance-based exam.<br><br>As part of our relationship with The Linux Foundation, we’re able to offer certification candidates a 25% discount on exam vouchers. Candidates can use the discount code “LILEARN25” and sign up <a href=""https://training.linuxfoundation.org/certification/certified-kubernetes-administrator-cka/"" target=""_blank"">here</a>. No restrictions apply.",Course,2021-05-03 17:36 UTC,N/A,false,N/A,
Anthropic Claude Certified Architect Foundations (CCAR-F) Cert Prep,"Gain the foundational skills required to become a Claude Certified Architect. Begin with exploring agentic architecture and orchestration, which forms the backbone of robust AI systems. Learn how to design tools and integrate MCP effectively, ensuring reliable and scalable system functionality. Get insights into Claude code configuration and workflows to optimize operational efficiency. Discover prompt engineering techniques for structured outputs that enhance AI responses. Note context management strategies to maintain system reliability even in complex scenarios. This course is well-suited technical professionals seeking to deepen expertise and those preparing for a certification exam. By the end of this course, you'll be more equipped to orchestrate AI systems confidently, ensuring both reliability and advanced functionality.",Course,2026-07-13 15:47 UTC,N/A,false,N/A,
Excel para principiantes: Análisis de datos (365/2019),"En este curso de Excel 2019 para principiantes sobre análisis de datos, aprenderás a convertir simples listas de datos en tablas profesionales, en las que podrás agregar filas y columnas sin necesidad de redimensionar el rango, y en las que aprenderás a resaltar los datos duplicados con un solo clic de ratón. Vamos a enseñarte todos los secretos de la tan utilizada función de Excel BuscarV, que nos permite cruzar datos de dos hojas de cálculo. También, con la función Si.Error de Excel, veremos cómo controlar los posibles errores que puede producir BuscarV si el dato que buscas no existe. Descubre todo lo que necesitas para analizar y buscar información de modo eficiente en una tabla de Excel.",Course,N/A,N/A,true,N/A,
Excel para principiantes: Tablas dinámicas (365/2019),"En este curso de Excel para principiantes aprenderás a crear tus primeras tablas dinámicas. Esta poderosa herramienta de Excel hace que ahorres muchísimo tiempo a la hora de completar tareas para las que normalmente aplicas fórmulas complicadas. El curso se divide en dos bloques. Primero veremos cómo crear una tabla y las áreas donde colocar cada uno de los campos. A continuación, veremos cómo filtrar y ordenar la información y dar formato al informe. Finalmente, aprenderás a utilizar los filtros rápidos mediante botones, lo que conocemos como segmentación de datos, y por supuesto a utilizar la línea de tiempo, que te ahorrará mucho trabajo al filtrar por campos de fecha.",Course,2020-10-07 00:34 UTC,N/A,false,N/A,
CISSP Cert Prep (2021): 3 Security Architecture and Engineering,"Certified Information Systems Security Professional (CISSP) is the gold standard in IT security certification. Prepare for domain three of the exam—Security Architecture and Engineering—in this installment of <i>CISSP Cert Prep</i>. Security engineering ensures systems are designed to deal with all sorts of risks and disruptions, from hackers and database meltdowns to electrical outages. In this course, security expert Mike Chapple covers everything you need to know to balance business needs with security risks and design more secure systems. He covers cloud computing, as well as hardware and web security; server vulnerabilities; smart device security; and physical security, such as site design and monitoring. Plus, get a deep dive into cryptography, one of the most powerful tools that IT pros can use to secure data and accounts.<br><br>Find the companion study books at the <a href=""http://www.wiley.com/WileyCDA/Section/id-827755.html"" target=""_blank"">Sybex test prep site</a> and review the complete CISSP Body of Knowledge at <a href=""https://www.isc2.org/cissp-domains/default.aspx"" target=""_blank"">https://www.isc2.org/cissp-domains/default.aspx</a>. You can also join Mike's free study group at <a href=""https://www.certmike.com"" target=""_blank"">certmike.com</a>.",Course,2021-08-03 12:11 UTC,N/A,false,N/A,
Fundamentos de Fintech o finanza tecnológica,"Crowdfunding, crowdlending, Blockchain Wallet y InsurTech son conceptos que forman parte de la terminología Fintech. El objetivo de este curso es que entiendas el nuevo entorno competitivo del ecosistema Fintech. Veremos las propuestas y líneas de actividad de estas nuevas empresas tecnológico-financieras que se orientan hacia la mejora de la experiencia del cliente, porque Fintech es algo más que tecnología. Es una mentalidad.
Voy a ayudarte a entender qué está pasando en uno de los sectores con mayor repercusión financiera y que más va a cambiar en los próximos años. Aunque no tengamos responsabilidad empresarial, seremos partes interesadas en este cambio.",Course,2021-04-27 13:09 UTC,N/A,false,N/A,
"Intermediate Jenkins: Automate, Integrate, and Secure CI/CD Workflows at Scale","This intermediate course empowers you to take your CI/CD management skills to the next level with Jenkins. Discover how to set up and configure Jenkins pipelines using declarative syntax and conditional logic. Learn to integrate Jenkins with version control systems like GitHub to automate your workflows. Enhance automation with distributed builds using agents and Docker containers, ensuring scalable implementation. Gain insights into managing artifacts and publishing test results efficiently. Secure your Jenkins environment with user accounts, project-based permissions, and secrets management to safeguard sensitive data. Ideal for DevOps practitioners, application developers, and technical professionals seeking a more robust DevOps automation platform, this course enables you to deploy, operate, and maintain production-ready CI/CD systems using Jenkins.",Course,2026-03-25 13:10 UTC,N/A,false,N/A,
Dapr para desarrollo .NET esencial,"Descubre las principales ventajas que obtenemos con Dapr, sus diferentes building blocks y por qué es necesario este tipo de tecnologías cuando diseñamos y construimos microservicios. Durante el contenido, recibirás una introducción a Dapr, los retos a los que nos enfrentamos cuando creamos microservicios, el patrón de diseño Sidecar y los componentes principales del framework. Después pasarás a preparar el ambiente de desarrollo y, con un proyecto práctico, aprenderás sobre cada uno de los building blocks de Dapr.",Course,2022-06-28 17:53 UTC,N/A,false,N/A,
Fundamentos de la programación: Diseño orientado a objetos,"Amplía y expande tu acervo de conocimientos sobre programación introduciéndote en el diseño orientado a objetos (DOO). Al terminar este contenido, serás capaz de desarrollar aplicaciones algo más avanzadas y conseguirás nuevas habilidades de diseño de software. En el curso se definen las clases y objetos con este  paradigma, aprenderás conceptos como el encapsulamiento, la herencia o el polimorfismo, entre otros, todo empezando desde cero y sin necesidad de que tengas conocimientos previos.",Course,2022-06-06 04:50 UTC,N/A,false,N/A,
Nano Tips for Saying No at Work with Melody Wilding,"Welcome to our <i>Nano Tips</i> series, where LinkedIn Learning creators deliver impactful lessons in literally seconds. In this installment, join professor, author, and executive coach Melody Wilding as she shares practical strategies and scripts for setting boundaries at work respectfully—and without feeling guilty. Melody offers tips for pushing back on unrealistic deadlines, declining meetings, and more. Learn how to pose questions to assess the urgency of requests, leverage the conditional yes technique, use the trade-off approach, present a positive no, defer requests, respond to pushback, and say no even if you work in an always-on environment. By the end of this course, you’ll also be prepared to avoid common mistakes such as overexplaining and undermining yourself when setting limits.",Course,2026-06-13 12:09 UTC,N/A,false,N/A,
Discovering .NET 8,"The newest version of .NET, .NET 8, was released in November 2023, and comes with a slew of new features. In this course, Microsoft MVP Christian Wenz takes you through the highlights of the latest .NET release, explaining what’s new in the .NET SDK, app frameworks like ASP.NET Core and Blazor, enhancements in C3, and more. Plus, learn what’s new for web and mobile apps, including features for minimal APIs, new endpoints for authentication, and .NET Aspire.",Course,2026-02-19 17:48 UTC,2026-02-19 17:46 UTC,false,N/A,
Microsoft Entra ID for Python Developers,"Microsoft Entra ID—a cloud-based enterprise identity service—allows you to manage users, apps, devices, and integrate with third party apps, services, and clouds. In this course, Sahil Malik—a trainer, Microsoft and iOS consultant, and the founder of Winsmarts.com—presents an overview of Microsoft Entra ID that is specific to what Python developers need to know. Learn how to leverage Entra ID to author a web application that uses MSAL Python and signs in using Entra ID; create a desktop application that uses MSAL Python; create a daemon application using MSAL Python that works as a headless app with Entra ID; and more.",Course,2025-11-14 16:53 UTC,N/A,false,N/A,
DevOps Foundations: Site Reliability Engineering,"Site reliability engineering (SRE) is an emerging paradigm in DevOps. The biggest names in tech—companies like Google, Netflix, Microsoft, and LinkedIn—all use SRE. In fact, industry wide, ""site reliability engineer"" is replacing ""DevOps engineer"" in job posts. Simply put, SRE is software engineering applied to operations—for the cloud native era. This course introduces the basics of site reliability engineering, including how SRE fits into DevOps and how it can be integrated into your unique business environment. Instructors Ernest Mueller and James Wickett cover the major areas of expertise, including release engineering, change management, incident management and retrospectives, self-service automation, troubleshooting, performance, and deliberate adversity. Learn how to define reliability through SLAs and SLOs, handle crisis, design distributed systems, and scale your systems and your team. Plus, explore time and project management strategies that bring humanity back to the SRE's job.",Course,N/A,N/A,true,N/A,
Angular avanzado,"Alcanza un nivel avanzado en Angular, uno de los frameworks más populares del mundo. Aprende a usar al máximo su arquitectura, sus componentes y su reactividad. Además, consigue desplegar y optimizar tus aplicaciones terminadas y a ejecutar pruebas unitarias para asegurarte de que están listas para llegar al entorno de producción.",Course,2022-09-27 01:32 UTC,N/A,false,N/A,
C# avanzado 2,"Durante este contenido formativo aprenderás las características más avanzadas de C#, pero al mismo tiempo las más útiles y comúnmente utilizadas en escenarios reales y complejos, demandadas en el mercado actual. Amplía y expande tus conocimientos con C· dominando conceptos como las consultas LINQ, computación asíncrona, expresiones regulares y manejo de excepciones, entre otros.",Course,2022-10-12 14:04 UTC,N/A,false,N/A,
Scripting for Testers (2018),"Scripting can expand your abilities as a tester and help you keep up with the pace of agile. It allows you to more quickly and efficiently find software issues and automate manual tasks such as reporting and test site preparation. This course examines a few ways to use scripts to solve common challenges faced in the fast-paced world of software testing. Follow along and learn how to navigate and test APIs, generate reports, explore products with web automation tools, generate dummy data for testing, and more. The lessons rely on simple Python-based scripts as well as popular testing tools such as Google Sheets and Selenium WebDriver. Instructor Dave Westerveld provides concrete examples and ideas to increase your productivity, eliminate boring tasks, build new insights into products, and standardize and simplify your team's work.",Course,2021-05-01 02:05 UTC,2021-04-28 04:29 UTC,false,N/A,
Gestión del fracaso para tener éxito,"Aprende a enfrentarte a la posibilidad de fracasar sin que el miedo te impida tomar decisiones para tener éxito. Este curso te instruye sobre cómo puedes gestionar el fracaso, si este llega a darse, de una manera constructiva, tanto a medio como a largo plazo. También tanto si las razones dependen de tus decisiones o de eventos ajenos a ti, como una crisis, por ejemplo la COVID-19. Y lo que es todavía más importante: te ayudará a reconocer cuándo el miedo a la mera posibilidad de fracasar te está paralizando, para que puedas enfrentar esta situación y salir más fuerte de cada experiencia. Escucha este curso de solo audio y empieza hoy a prepararte para gestionar el fracaso cuando surja.",Course,2021-04-09 12:51 UTC,N/A,false,N/A,
Complete Guide to Application Security,"Want to build apps so secure they make cybercriminals cry? This isn't your average security course–it's the insider's comprehensive playbook to crafting high quality applications. Learn how to identify and remediate the vulnerabilities that creep into modern applications, arming you with the same battle-tested strategies the pros use (think OWASP Top Ten). Get ready to dive into hands-on testing exercises, where you'll put this knowledge to the test. Tackle the cutting-edge threats facing APIs and LLM applications, helping you stay one step ahead of the cybercriminals. By the end of this course, you'll be equipped with the knowledge you need to ensure the apps you're building are both resilient and ready to deflect attacks.",Course,2026-06-23 17:03 UTC,N/A,false,N/A,
Fundamentos de Six Sigma: Black Belt,"Demuestra tu dominio de los principios Six Sigma, su filosofía y las técnicas relacionadas convirtiéndote en Six Sigma Black Belt certificado. Los Black Belts trabajan para los Master Black Belts aplicando la metodología Six Sigma a proyectos específicos y dedicándole todo su tiempo a Six Sigma. En este curso, el experto en excelencia operativa, formador Master Black Belt y profesor Dr. Richard Chua te explica cómo aplicar Six Sigma y sus herramientas de calidad y estadística mientras te prepara para convertirte en Black Belt.

Richard Chua continúa sus cursos «Fundamentos de Six Sigma: Green Belt» y «Fundamentos de Six Sigma», y el curso de Pedro Lambán «Aprende Minitab», que son prerrequisitos para hacer «Fundamentos de Six Sigma: Black Belt», donde te enseña un extenso abanico de temas, como el análisis del sistema de medición, la prueba de hipótesis, los métodos de superficie de respuesta y cómo mejorar la capacidad del proceso, entre otros.",Course,2021-08-15 04:45 UTC,N/A,false,N/A,
Power BI para principiantes: Análisis de datos (2019),"Aprende cómo Microsoft Power BI Desktop te puede ayudar a limpiar, transformar, modelar y visualizar datos agilizando tu trabajo diario. Conoce tanto su editor de consultas Power Query, para las tareas de preparación y limpieza de datos, como Power BI Desktop para realizar las labores de modelado de datos, creación de informes analíticos y visualización de los mismos.",Course,2020-11-29 17:40 UTC,N/A,false,N/A,
React esencial (2019),"Aprende a crear aplicaciones web con React de forma rápida y sencilla. Domina las herramientas fundamentales de esta librería de Javascript para crear sitios o interfaces, y saca así el máximo provecho de HTML y DOM. Consigue crear tu primera interfaz web con este curso práctico, entiende cómo personalizarla y aplicar estilos css o, incluso, cómo usar frameworks de diseño como Material de Google.",Course,2021-04-24 04:12 UTC,N/A,false,N/A,
Scrum: Responsabilidades y roles,"Aprende a aprovechar las ventajas del marco de trabajo Scrum y amplifica la agilidad y eficiencia de tus proyectos. Durante este contenido, profundizarás en las diferentes áreas de responsabilidad de Scrum y cómo influyen en la organización de proyectos, cuáles son las tareas y los procesos que debe cumplir cada participante del equipo y su relación con los demás miembros a lo largo del ciclo de vida de un proyecto.",Course,2024-07-16 13:39 UTC,N/A,false,N/A,
Diseño de interfaz (UI) avanzado,"La interfaz de usuario es el espacio donde se producen las interacciones entre seres humanos y máquinas. Es de vital importancia, pues supondrá el éxito o fracaso en la usabilidad de la solución. Durante el curso, aprenderás con ejemplos prácticos cómo se configuran los sistemas de diseño, qué son los componentes de diseño, sus principios y guías, entre otros conceptos imprescindibles a la hora de construir interfaces que cumplan con las expectativas de los usuarios y usuarias más exigentes en productos web o aplicaciones móviles.",Course,2021-06-09 13:19 UTC,N/A,false,N/A,
SOLIDWORKS práctico: Pieza industrial,"Adquiere conocimientos sobre diversas técnicas para el modelado de conjuntos con SOLIDWORKS en este curso, 100% aplicado a un modelo industrial. Al terminar este contenido formativo tendrás tu propia forma de interpretar y atacar el modelado de productos de igual o mayor complejidad, aplicando las técnicas más adecuadas en cada caso. Además, estarás preparado o preparada para poder plantear, ejecutar y finalizar cualquier modelo industrial de forma efectiva y eficiente. ¿Empezamos?",Course,2021-07-16 15:32 UTC,N/A,false,N/A,
Fundamentos de la gestión de proyectos ágil (2017),"La gestión de proyectos ágil te permite crear productos más pequeños de forma rápida y eficiente. Es una opción excelente para los equipos que trabajan en desarrollo de productos, programación, análisis de negocios y otras áreas colaborativas. Sin embargo, este es un proceso delicado para el que se requieren unas metas, una gestión y un alcance específicos.
En este curso, el formador y profesional de gestión de proyectos Bob McGannon te muestra las herramientas y técnicas que necesitas para gestionar un proyecto en su ciclo de vida ágil. Aprende a aplicar este tipo de gestión con los proyectos apropiados. Veremos las cuatro fases principales del ciclo, desde el alcance del trabajo y el diseño de tu estructura sprint hasta la recopilación de requisitos, la gestión del proyecto sin interferir en el proceso de creación, la adaptación para el feedback y el cierre del proyecto. 
En el capítulo extra, Bob McGannon te enseñará algunos problemas con los que se encontró al ejecutar proyectos ágiles. Así, tendrás una perspectiva real del ciclo de vida de tu proyecto.",Course,2021-05-01 01:40 UTC,N/A,false,N/A,
Aprende Kubernetes,"Aprende a desplegar contenedores en Kubernetes con este contenido, el cual te permite adquirir base sólida de conocimiento sobre las piezas y funcionamiento básico de Kubernetes para usar tu propio clúster, aprender a hacer las operaciones básicas y tener los conceptos necesarios para empezar a especializarte en tareas concretas. Durante el contenido tratarás temas como la historia general de Kubernetes, cuáles son sus componentes básicos y cómo se conectan entre sí, cómo lanzar cargas básicas en el clúster, el formato de sus ficheros de configuración, y el uso de alguno de sus objetos un poco más avanzados para llegar a cierta soltura en el manejo de esta herramienta.",Course,2023-05-11 14:01 UTC,N/A,false,N/A,
Cómo solicitar feedback o retroalimentación para tu crecimiento personal,"Pedir que evalúen tu trabajo y ser autosuficiente son habilidades esenciales en la mentalidad de crecimiento, y que se esperan que cualquier profesional tenga. Jodi Glickman, autora superventas de <i>Great on the Job</i>, te enseña a tomar las riendas de tu carrera y pedir valoraciones específicas y útiles. Jodi te muestra el proceso de pedir críticas útiles; desde plantar la semilla con antelación y programar la conversación, hasta cómo asimilar el feedback y responder de manera que refuerces tu relación con tu superior. Además, descubre cómo evitar los errores típicos, como pedir valoraciones a la persona inadecuada, hacer preguntas poco eficaces o dirigirte a la persona en cuestión en el momento menos indicado.",Course,2022-03-22 10:31 UTC,N/A,false,N/A,
